test_num,A,B,A_greater_B,A_equal_B,A_less_B,expected,pass
0,1,1,0,1,0,010,1
1,2,1,1,0,0,100,1
2,1,0,1,0,0,100,1
3,0,3,0,0,1,001,1
4,1,1,0,1,0,010,1
5,0,0,0,1,0,010,1
6,3,1,1,0,0,100,1
7,0,1,0,0,1,001,1
8,1,0,1,0,0,100,1
9,3,2,1,0,0,100,1
10,0,1,0,0,1,001,1
11,1,1,0,1,0,010,1
12,2,3,0,0,1,001,1
13,3,0,1,0,0,100,1
14,0,0,0,1,0,010,1
15,3,3,0,1,0,010,1
16,0,0,0,1,0,010,1
17,3,3,0,1,0,010,1
18,1,0,1,0,0,100,1
19,2,2,0,1,0,010,1
20,0,1,0,0,1,001,1
21,3,0,1,0,0,100,1
22,1,1,0,1,0,010,1
23,0,3,0,0,1,001,1
24,0,2,0,0,1,001,1
25,0,2,0,0,1,001,1
26,0,0,0,1,0,010,1
27,0,3,0,0,1,001,1
28,1,1,0,1,0,010,1
29,0,1,0,0,1,001,1
30,2,3,0,0,1,001,1
31,2,2,0,1,0,010,1
32,1,1,0,1,0,010,1
33,0,1,0,0,1,001,1
34,0,3,0,0,1,001,1
35,0,3,0,0,1,001,1
36,0,0,0,1,0,010,1
37,2,1,1,0,0,100,1
38,3,2,1,0,0,100,1
39,1,1,0,1,0,010,1
40,3,2,1,0,0,100,1
41,2,3,0,0,1,001,1
42,3,2,1,0,0,100,1
43,0,0,0,1,0,010,1
44,2,0,1,0,0,100,1
45,1,1,0,1,0,010,1
46,1,1,0,1,0,010,1
47,0,0,0,1,0,010,1
48,0,3,0,0,1,001,1
49,0,3,0,0,1,001,1
50,0,1,0,0,1,001,1
51,3,2,1,0,0,100,1
52,2,2,0,1,0,010,1
53,3,3,0,1,0,010,1
54,0,1,0,0,1,001,1
55,3,2,1,0,0,100,1
56,3,1,1,0,0,100,1
57,0,0,0,1,0,010,1
58,2,3,0,0,1,001,1
59,3,3,0,1,0,010,1
60,3,3,0,1,0,010,1
61,0,0,0,1,0,010,1
62,1,2,0,0,1,001,1
63,0,2,0,0,1,001,1
64,2,0,1,0,0,100,1
65,2,3,0,0,1,001,1
66,1,3,0,0,1,001,1
67,3,1,1,0,0,100,1
68,2,0,1,0,0,100,1
69,0,1,0,0,1,001,1
70,0,2,0,0,1,001,1
71,3,0,1,0,0,100,1
72,2,3,0,0,1,001,1
73,0,0,0,1,0,010,1
74,1,2,0,0,1,001,1
75,1,0,1,0,0,100,1
76,0,2,0,0,1,001,1
77,2,1,1,0,0,100,1
78,2,2,0,1,0,010,1
79,3,3,0,1,0,010,1
80,3,1,1,0,0,100,1
81,2,3,0,0,1,001,1
82,0,1,0,0,1,001,1
83,2,0,1,0,0,100,1
84,1,2,0,0,1,001,1
85,1,3,0,0,1,001,1
86,2,3,0,0,1,001,1
87,3,2,1,0,0,100,1
88,2,1,1,0,0,100,1
89,3,3,0,1,0,010,1
90,2,2,0,1,0,010,1
91,3,1,1,0,0,100,1
92,2,3,0,0,1,001,1
93,0,3,0,0,1,001,1
94,0,3,0,0,1,001,1
95,1,3,0,0,1,001,1
96,0,1,0,0,1,001,1
97,3,3,0,1,0,010,1
98,0,1,0,0,1,001,1
99,3,1,1,0,0,100,1
