test_num,A,B,Cin,Cout,S,expected,pass
0,0,1,0,0,1,01,1
1,1,1,0,1,0,10,1
2,0,1,0,0,1,01,1
3,1,0,0,0,1,01,1
4,0,0,1,0,1,01,1
5,1,0,1,1,0,10,1
6,0,1,0,0,1,01,1
7,0,0,0,0,0,00,1
8,1,1,0,1,0,10,1
9,1,0,0,0,1,01,1
10,0,1,0,0,1,01,1
11,1,0,0,0,1,01,1
12,1,1,1,1,1,11,1
13,0,0,0,0,0,00,1
14,0,1,0,0,1,01,1
15,1,0,1,1,0,10,1
16,1,0,1,1,0,10,1
17,1,1,1,1,1,11,1
18,0,0,0,0,0,00,1
19,0,0,0,0,0,00,1
20,1,1,1,1,1,11,1
21,1,0,0,0,1,01,1
22,0,0,1,0,1,01,1
23,1,1,1,1,1,11,1
24,0,1,0,0,1,01,1
25,0,1,0,0,1,01,1
26,1,0,0,0,1,01,1
27,0,0,1,0,1,01,1
28,1,1,0,1,0,10,1
29,0,0,1,0,1,01,1
30,0,1,0,0,1,01,1
31,0,1,1,1,0,10,1
32,0,0,1,0,1,01,1
33,0,0,0,0,0,00,1
34,1,0,0,0,1,01,1
35,0,0,0,0,0,00,1
36,0,0,1,0,1,01,1
37,1,0,1,1,0,10,1
38,0,1,0,0,1,01,1
39,0,0,1,0,1,01,1
40,1,0,1,1,0,10,1
41,1,1,0,1,0,10,1
42,1,0,0,0,1,01,1
43,1,0,1,1,0,10,1
44,0,0,0,0,0,00,1
45,1,0,0,0,1,01,1
46,1,1,0,1,0,10,1
47,0,1,1,1,0,10,1
48,0,0,0,0,0,00,1
49,0,1,0,0,1,01,1
50,0,1,1,1,0,10,1
51,1,1,0,1,0,10,1
52,0,1,0,0,1,01,1
53,1,1,1,1,1,11,1
54,1,0,1,1,0,10,1
55,0,1,1,1,0,10,1
56,1,1,1,1,1,11,1
57,0,0,0,0,0,00,1
58,0,0,1,0,1,01,1
59,0,0,0,0,0,00,1
60,0,1,0,0,1,01,1
61,1,0,1,1,0,10,1
62,0,1,0,0,1,01,1
63,0,0,0,0,0,00,1
64,0,0,1,0,1,01,1
65,1,0,0,0,1,01,1
66,1,1,0,1,0,10,1
67,0,0,1,0,1,01,1
68,1,1,1,1,1,11,1
69,0,1,0,0,1,01,1
70,1,0,1,1,0,10,1
71,1,1,1,1,1,11,1
72,0,0,0,0,0,00,1
73,1,1,1,1,1,11,1
74,1,0,1,1,0,10,1
75,1,0,1,1,0,10,1
76,0,0,0,0,0,00,1
77,0,1,0,0,1,01,1
78,1,1,1,1,1,11,1
79,1,1,1,1,1,11,1
80,1,1,1,1,1,11,1
81,1,0,0,0,1,01,1
82,0,0,0,0,0,00,1
83,1,1,0,1,0,10,1
84,0,0,1,0,1,01,1
85,0,1,0,0,1,01,1
86,0,0,1,0,1,01,1
87,0,1,1,1,0,10,1
88,0,1,1,1,0,10,1
89,1,1,1,1,1,11,1
90,0,1,1,1,0,10,1
91,0,0,0,0,0,00,1
92,0,0,0,0,0,00,1
93,1,0,0,0,1,01,1
94,1,0,1,1,0,10,1
95,1,0,0,0,1,01,1
96,1,0,1,1,0,10,1
97,1,0,0,0,1,01,1
98,0,0,0,0,0,00,1
99,1,1,0,1,0,10,1
