test_num,A,B,Cin,S,Cout,expected,pass
0,1,12,0,13,0,13,1
1,14,14,0,12,1,28,1
2,7,14,0,5,1,21,1
3,10,4,0,14,0,14,1
4,2,2,1,5,0,5,1
5,11,4,1,0,1,16,1
6,6,15,0,5,1,21,1
7,1,2,0,3,0,3,1
8,14,8,0,6,1,22,1
9,15,1,0,0,1,16,1
10,2,12,0,14,0,14,1
11,8,5,0,13,0,13,1
12,12,12,1,9,1,25,1
13,0,1,0,1,0,1,1
14,3,8,0,11,0,11,1
15,13,7,1,5,1,21,1
16,12,4,1,1,1,17,1
17,14,13,1,12,1,28,1
18,5,3,0,8,0,8,1
19,0,1,0,1,0,1,1
20,9,8,1,2,1,18,1
21,12,7,0,3,1,19,1
22,4,5,1,10,0,10,1
23,15,14,1,14,1,30,1
24,7,13,0,4,1,20,1
25,7,11,0,2,1,18,1
26,14,0,0,14,0,14,1
27,5,5,1,11,0,11,1
28,14,14,0,12,1,28,1
29,1,1,1,3,0,3,1
30,6,14,0,4,1,20,1
31,6,15,1,6,1,22,1
32,1,5,1,7,0,7,1
33,2,4,0,6,0,6,1
34,10,3,0,13,0,13,1
35,5,7,0,12,0,12,1
36,4,1,1,6,0,6,1
37,13,3,1,1,1,17,1
38,0,12,0,12,0,12,1
39,2,5,1,8,0,8,1
40,14,6,1,5,1,21,1
41,14,13,0,11,1,27,1
42,8,7,0,15,0,15,1
43,13,1,1,15,0,15,1
44,6,6,0,12,0,12,1
45,8,4,0,12,0,12,1
46,8,13,0,5,1,21,1
47,1,11,1,13,0,13,1
48,3,5,0,8,0,8,1
49,2,15,0,1,1,17,1
50,6,8,1,15,0,15,1
51,9,14,0,7,1,23,1
52,1,8,0,9,0,9,1
53,10,12,1,7,1,23,1
54,15,2,1,2,1,18,1
55,5,8,1,14,0,14,1
56,10,8,1,3,1,19,1
57,5,5,0,10,0,10,1
58,7,5,1,13,0,13,1
59,3,6,0,9,0,9,1
60,3,13,0,0,1,16,1
61,12,7,1,4,1,20,1
62,2,14,0,0,1,16,1
63,5,6,0,11,0,11,1
64,6,3,1,10,0,10,1
65,15,3,0,2,1,18,1
66,13,10,0,7,1,23,1
67,7,0,1,8,0,8,1
68,11,14,1,10,1,26,1
69,6,12,0,2,1,18,1
70,12,5,1,2,1,18,1
71,10,13,1,8,1,24,1
72,4,2,0,6,0,6,1
73,11,11,1,7,1,23,1
74,8,7,1,0,1,16,1
75,10,5,1,0,1,16,1
76,1,1,0,2,0,2,1
77,6,9,0,15,0,15,1
78,10,15,1,10,1,26,1
79,9,11,1,5,1,21,1
80,10,11,1,6,1,22,1
81,13,7,0,4,1,20,1
82,5,3,0,8,0,8,1
83,14,15,0,13,1,29,1
84,4,5,1,10,0,10,1
85,5,14,0,3,1,19,1
86,4,5,1,10,0,10,1
87,0,10,1,11,0,11,1
88,4,14,1,3,1,19,1
89,8,14,1,7,1,23,1
90,7,11,1,3,1,19,1
91,5,4,0,9,0,9,1
92,5,5,0,10,0,10,1
93,13,7,0,4,1,20,1
94,14,5,1,4,1,20,1
95,10,7,0,1,1,17,1
96,9,1,1,11,0,11,1
97,13,6,0,3,1,19,1
98,4,2,0,6,0,6,1
99,12,8,0,4,1,20,1
100,2,9,0,11,0,11,1
101,0,1,0,1,0,1,1
102,8,5,1,14,0,14,1
103,0,5,1,6,0,6,1
104,15,2,1,2,1,18,1
105,4,13,1,2,1,18,1
106,14,12,1,11,1,27,1
107,11,5,1,1,1,17,1
108,11,1,1,13,0,13,1
109,12,5,0,1,1,17,1
110,5,12,1,2,1,18,1
111,4,2,0,6,0,6,1
112,0,9,1,10,0,10,1
113,5,6,1,12,0,12,1
114,13,8,1,6,1,22,1
115,1,13,1,15,0,15,1
116,11,8,1,4,1,20,1
117,6,12,0,2,1,18,1
118,5,13,1,3,1,19,1
119,13,12,1,10,1,26,1
120,14,1,1,0,1,16,1
121,2,14,1,1,1,17,1
122,3,10,1,14,0,14,1
123,3,10,1,14,0,14,1
124,3,7,1,11,0,11,1
125,11,4,0,15,0,15,1
126,9,10,0,3,1,19,1
127,13,15,1,13,1,29,1
128,3,2,0,5,0,5,1
129,9,10,1,4,1,20,1
130,10,12,0,6,1,22,1
131,0,4,1,5,0,5,1
132,8,14,0,6,1,22,1
133,13,5,0,2,1,18,1
134,0,10,0,10,0,10,1
135,10,10,0,4,1,20,1
136,6,12,0,2,1,18,1
137,6,12,0,2,1,18,1
138,2,2,1,5,0,5,1
139,7,13,1,5,1,21,1
140,13,14,1,12,1,28,1
141,10,5,1,0,1,16,1
142,6,12,1,3,1,19,1
143,12,8,0,4,1,20,1
144,4,10,1,15,0,15,1
145,5,11,0,0,1,16,1
146,13,13,0,10,1,26,1
147,0,3,1,4,0,4,1
148,7,8,0,15,0,15,1
149,1,6,1,8,0,8,1
150,10,1,1,12,0,12,1
151,6,10,1,1,1,17,1
152,8,2,1,11,0,11,1
153,1,4,0,5,0,5,1
154,13,6,1,4,1,20,1
155,7,14,1,6,1,22,1
156,10,8,0,2,1,18,1
157,10,13,0,7,1,23,1
158,4,0,1,5,0,5,1
159,1,10,1,12,0,12,1
160,2,14,1,1,1,17,1
161,6,8,0,14,0,14,1
162,11,11,0,6,1,22,1
163,13,12,0,9,1,25,1
164,3,3,1,7,0,7,1
165,8,15,1,8,1,24,1
166,4,11,0,15,0,15,1
167,3,14,1,2,1,18,1
168,11,2,0,13,0,13,1
169,8,4,0,12,0,12,1
170,7,11,1,3,1,19,1
171,8,0,0,8,0,8,1
172,1,1,1,3,0,3,1
173,3,0,1,4,0,4,1
174,7,8,0,15,0,15,1
175,4,2,1,7,0,7,1
176,7,12,1,4,1,20,1
177,15,0,0,15,0,15,1
178,9,7,0,0,1,16,1
179,9,11,0,4,1,20,1
180,10,1,0,11,0,11,1
181,0,15,0,15,0,15,1
182,4,12,0,0,1,16,1
183,14,4,0,2,1,18,1
184,12,14,1,11,1,27,1
185,15,5,1,5,1,21,1
186,2,11,0,13,0,13,1
187,5,9,0,14,0,14,1
188,6,15,0,5,1,21,1
189,1,12,1,14,0,14,1
190,13,9,0,6,1,22,1
191,4,12,0,0,1,16,1
192,4,5,0,9,0,9,1
193,10,5,1,0,1,16,1
194,9,2,0,11,0,11,1
195,13,5,0,2,1,18,1
196,15,8,1,8,1,24,1
197,4,7,1,12,0,12,1
198,13,15,0,12,1,28,1
199,9,8,1,2,1,18,1
