dut_name,test_num,A,B,S,X,expected,pass,I0,I1,I2,I3,S1,S0,Y,Cin,Cout,A_greater_B,A_equal_B,A_less_B,coverage_bin
mux_2to1,0,0.0,1.0,0.0,0.0,0,1,,,,,,,,,,,,,S0_val0
mux_2to1,1,1.0,1.0,0.0,1.0,1,1,,,,,,,,,,,,,S0_val1
mux_2to1,2,0.0,1.0,0.0,0.0,0,1,,,,,,,,,,,,,S0_val0
mux_2to1,3,1.0,0.0,0.0,1.0,1,1,,,,,,,,,,,,,S0_val1
mux_2to1,4,0.0,0.0,1.0,0.0,0,1,,,,,,,,,,,,,S1_val0
mux_2to1,5,1.0,0.0,1.0,0.0,0,1,,,,,,,,,,,,,S1_val0
mux_2to1,6,0.0,1.0,0.0,0.0,0,1,,,,,,,,,,,,,S0_val0
mux_2to1,7,0.0,0.0,0.0,0.0,0,1,,,,,,,,,,,,,S0_val0
mux_2to1,8,1.0,1.0,0.0,1.0,1,1,,,,,,,,,,,,,S0_val1
mux_2to1,9,1.0,0.0,0.0,1.0,1,1,,,,,,,,,,,,,S0_val1
mux_2to1,10,0.0,1.0,0.0,0.0,0,1,,,,,,,,,,,,,S0_val0
mux_2to1,11,1.0,0.0,0.0,1.0,1,1,,,,,,,,,,,,,S0_val1
mux_2to1,12,1.0,1.0,1.0,1.0,1,1,,,,,,,,,,,,,S1_val1
mux_2to1,13,0.0,0.0,0.0,0.0,0,1,,,,,,,,,,,,,S0_val0
mux_2to1,14,0.0,1.0,0.0,0.0,0,1,,,,,,,,,,,,,S0_val0
mux_2to1,15,1.0,0.0,1.0,0.0,0,1,,,,,,,,,,,,,S1_val0
mux_2to1,16,1.0,0.0,1.0,0.0,0,1,,,,,,,,,,,,,S1_val0
mux_2to1,17,1.0,1.0,1.0,1.0,1,1,,,,,,,,,,,,,S1_val1
mux_2to1,18,0.0,0.0,0.0,0.0,0,1,,,,,,,,,,,,,S0_val0
mux_2to1,19,0.0,0.0,0.0,0.0,0,1,,,,,,,,,,,,,S0_val0
mux_2to1,20,1.0,1.0,1.0,1.0,1,1,,,,,,,,,,,,,S1_val1
mux_2to1,21,1.0,0.0,0.0,1.0,1,1,,,,,,,,,,,,,S0_val1
mux_2to1,22,0.0,0.0,1.0,0.0,0,1,,,,,,,,,,,,,S1_val0
mux_2to1,23,1.0,1.0,1.0,1.0,1,1,,,,,,,,,,,,,S1_val1
mux_2to1,24,0.0,1.0,0.0,0.0,0,1,,,,,,,,,,,,,S0_val0
mux_2to1,25,0.0,1.0,0.0,0.0,0,1,,,,,,,,,,,,,S0_val0
mux_2to1,26,1.0,0.0,0.0,1.0,1,1,,,,,,,,,,,,,S0_val1
mux_2to1,27,0.0,0.0,1.0,0.0,0,1,,,,,,,,,,,,,S1_val0
mux_2to1,28,1.0,1.0,0.0,1.0,1,1,,,,,,,,,,,,,S0_val1
mux_2to1,29,0.0,0.0,1.0,0.0,0,1,,,,,,,,,,,,,S1_val0
mux_2to1,30,0.0,1.0,0.0,0.0,0,1,,,,,,,,,,,,,S0_val0
mux_2to1,31,0.0,1.0,1.0,1.0,1,1,,,,,,,,,,,,,S1_val1
mux_2to1,32,0.0,0.0,1.0,0.0,0,1,,,,,,,,,,,,,S1_val0
mux_2to1,33,0.0,0.0,0.0,0.0,0,1,,,,,,,,,,,,,S0_val0
mux_2to1,34,1.0,0.0,0.0,1.0,1,1,,,,,,,,,,,,,S0_val1
mux_2to1,35,0.0,0.0,0.0,0.0,0,1,,,,,,,,,,,,,S0_val0
mux_2to1,36,0.0,0.0,1.0,0.0,0,1,,,,,,,,,,,,,S1_val0
mux_2to1,37,1.0,0.0,1.0,0.0,0,1,,,,,,,,,,,,,S1_val0
mux_2to1,38,0.0,1.0,0.0,0.0,0,1,,,,,,,,,,,,,S0_val0
mux_2to1,39,0.0,0.0,1.0,0.0,0,1,,,,,,,,,,,,,S1_val0
mux_2to1,40,1.0,0.0,1.0,0.0,0,1,,,,,,,,,,,,,S1_val0
mux_2to1,41,1.0,1.0,0.0,1.0,1,1,,,,,,,,,,,,,S0_val1
mux_2to1,42,1.0,0.0,0.0,1.0,1,1,,,,,,,,,,,,,S0_val1
mux_2to1,43,1.0,0.0,1.0,0.0,0,1,,,,,,,,,,,,,S1_val0
mux_2to1,44,0.0,0.0,0.0,0.0,0,1,,,,,,,,,,,,,S0_val0
mux_2to1,45,1.0,0.0,0.0,1.0,1,1,,,,,,,,,,,,,S0_val1
mux_2to1,46,1.0,1.0,0.0,1.0,1,1,,,,,,,,,,,,,S0_val1
mux_2to1,47,0.0,1.0,1.0,1.0,1,1,,,,,,,,,,,,,S1_val1
mux_2to1,48,0.0,0.0,0.0,0.0,0,1,,,,,,,,,,,,,S0_val0
mux_2to1,49,0.0,1.0,0.0,0.0,0,1,,,,,,,,,,,,,S0_val0
mux_2to1,50,0.0,1.0,1.0,1.0,1,1,,,,,,,,,,,,,S1_val1
mux_2to1,51,1.0,1.0,0.0,1.0,1,1,,,,,,,,,,,,,S0_val1
mux_2to1,52,0.0,1.0,0.0,0.0,0,1,,,,,,,,,,,,,S0_val0
mux_2to1,53,1.0,1.0,1.0,1.0,1,1,,,,,,,,,,,,,S1_val1
mux_2to1,54,1.0,0.0,1.0,0.0,0,1,,,,,,,,,,,,,S1_val0
mux_2to1,55,0.0,1.0,1.0,1.0,1,1,,,,,,,,,,,,,S1_val1
mux_2to1,56,1.0,1.0,1.0,1.0,1,1,,,,,,,,,,,,,S1_val1
mux_2to1,57,0.0,0.0,0.0,0.0,0,1,,,,,,,,,,,,,S0_val0
mux_2to1,58,0.0,0.0,1.0,0.0,0,1,,,,,,,,,,,,,S1_val0
mux_2to1,59,0.0,0.0,0.0,0.0,0,1,,,,,,,,,,,,,S0_val0
mux_2to1,60,0.0,1.0,0.0,0.0,0,1,,,,,,,,,,,,,S0_val0
mux_2to1,61,1.0,0.0,1.0,0.0,0,1,,,,,,,,,,,,,S1_val0
mux_2to1,62,0.0,1.0,0.0,0.0,0,1,,,,,,,,,,,,,S0_val0
mux_2to1,63,0.0,0.0,0.0,0.0,0,1,,,,,,,,,,,,,S0_val0
mux_2to1,64,0.0,0.0,1.0,0.0,0,1,,,,,,,,,,,,,S1_val0
mux_2to1,65,1.0,0.0,0.0,1.0,1,1,,,,,,,,,,,,,S0_val1
mux_2to1,66,1.0,1.0,0.0,1.0,1,1,,,,,,,,,,,,,S0_val1
mux_2to1,67,0.0,0.0,1.0,0.0,0,1,,,,,,,,,,,,,S1_val0
mux_2to1,68,1.0,1.0,1.0,1.0,1,1,,,,,,,,,,,,,S1_val1
mux_2to1,69,0.0,1.0,0.0,0.0,0,1,,,,,,,,,,,,,S0_val0
mux_2to1,70,1.0,0.0,1.0,0.0,0,1,,,,,,,,,,,,,S1_val0
mux_2to1,71,1.0,1.0,1.0,1.0,1,1,,,,,,,,,,,,,S1_val1
mux_2to1,72,0.0,0.0,0.0,0.0,0,1,,,,,,,,,,,,,S0_val0
mux_2to1,73,1.0,1.0,1.0,1.0,1,1,,,,,,,,,,,,,S1_val1
mux_2to1,74,1.0,0.0,1.0,0.0,0,1,,,,,,,,,,,,,S1_val0
mux_2to1,75,1.0,0.0,1.0,0.0,0,1,,,,,,,,,,,,,S1_val0
mux_2to1,76,0.0,0.0,0.0,0.0,0,1,,,,,,,,,,,,,S0_val0
mux_2to1,77,0.0,1.0,0.0,0.0,0,1,,,,,,,,,,,,,S0_val0
mux_2to1,78,1.0,1.0,1.0,1.0,1,1,,,,,,,,,,,,,S1_val1
mux_2to1,79,1.0,1.0,1.0,1.0,1,1,,,,,,,,,,,,,S1_val1
mux_2to1,80,1.0,1.0,1.0,1.0,1,1,,,,,,,,,,,,,S1_val1
mux_2to1,81,1.0,0.0,0.0,1.0,1,1,,,,,,,,,,,,,S0_val1
mux_2to1,82,0.0,0.0,0.0,0.0,0,1,,,,,,,,,,,,,S0_val0
mux_2to1,83,1.0,1.0,0.0,1.0,1,1,,,,,,,,,,,,,S0_val1
mux_2to1,84,0.0,0.0,1.0,0.0,0,1,,,,,,,,,,,,,S1_val0
mux_2to1,85,0.0,1.0,0.0,0.0,0,1,,,,,,,,,,,,,S0_val0
mux_2to1,86,0.0,0.0,1.0,0.0,0,1,,,,,,,,,,,,,S1_val0
mux_2to1,87,0.0,1.0,1.0,1.0,1,1,,,,,,,,,,,,,S1_val1
mux_2to1,88,0.0,1.0,1.0,1.0,1,1,,,,,,,,,,,,,S1_val1
mux_2to1,89,1.0,1.0,1.0,1.0,1,1,,,,,,,,,,,,,S1_val1
mux_2to1,90,0.0,1.0,1.0,1.0,1,1,,,,,,,,,,,,,S1_val1
mux_2to1,91,0.0,0.0,0.0,0.0,0,1,,,,,,,,,,,,,S0_val0
mux_2to1,92,0.0,0.0,0.0,0.0,0,1,,,,,,,,,,,,,S0_val0
mux_2to1,93,1.0,0.0,0.0,1.0,1,1,,,,,,,,,,,,,S0_val1
mux_2to1,94,1.0,0.0,1.0,0.0,0,1,,,,,,,,,,,,,S1_val0
mux_2to1,95,1.0,0.0,0.0,1.0,1,1,,,,,,,,,,,,,S0_val1
mux_2to1,96,1.0,0.0,1.0,0.0,0,1,,,,,,,,,,,,,S1_val0
mux_2to1,97,1.0,0.0,0.0,1.0,1,1,,,,,,,,,,,,,S0_val1
mux_2to1,98,0.0,0.0,0.0,0.0,0,1,,,,,,,,,,,,,S0_val0
mux_2to1,99,1.0,1.0,0.0,1.0,1,1,,,,,,,,,,,,,S0_val1
mux_4to1,0,,,,,0,1,0.0,1.0,0.0,1.0,1.0,0.0,0.0,,,,,,S11_S00_val0
mux_4to1,1,,,,,0,1,0.0,1.0,0.0,1.0,0.0,0.0,0.0,,,,,,S10_S00_val0
mux_4to1,2,,,,,0,1,0.0,0.0,1.0,1.0,0.0,1.0,0.0,,,,,,S10_S01_val0
mux_4to1,3,,,,,0,1,0.0,1.0,0.0,0.0,0.0,0.0,0.0,,,,,,S10_S00_val0
mux_4to1,4,,,,,1,1,1.0,1.0,0.0,1.0,0.0,0.0,1.0,,,,,,S10_S00_val1
mux_4to1,5,,,,,0,1,0.0,1.0,0.0,1.0,0.0,0.0,0.0,,,,,,S10_S00_val0
mux_4to1,6,,,,,1,1,1.0,1.0,1.0,0.0,0.0,0.0,1.0,,,,,,S10_S00_val1
mux_4to1,7,,,,,1,1,0.0,1.0,0.0,1.0,0.0,1.0,1.0,,,,,,S10_S01_val1
mux_4to1,8,,,,,1,1,1.0,0.0,1.0,1.0,1.0,1.0,1.0,,,,,,S11_S01_val1
mux_4to1,9,,,,,0,1,0.0,0.0,0.0,0.0,0.0,0.0,0.0,,,,,,S10_S00_val0
mux_4to1,10,,,,,1,1,1.0,1.0,1.0,1.0,0.0,0.0,1.0,,,,,,S10_S00_val1
mux_4to1,11,,,,,1,1,0.0,0.0,1.0,1.0,1.0,1.0,1.0,,,,,,S11_S01_val1
mux_4to1,12,,,,,0,1,0.0,1.0,0.0,0.0,1.0,0.0,0.0,,,,,,S11_S00_val0
mux_4to1,13,,,,,0,1,1.0,0.0,0.0,0.0,0.0,1.0,0.0,,,,,,S10_S01_val0
mux_4to1,14,,,,,1,1,1.0,1.0,0.0,0.0,0.0,1.0,1.0,,,,,,S10_S01_val1
mux_4to1,15,,,,,0,1,0.0,1.0,0.0,0.0,1.0,1.0,0.0,,,,,,S11_S01_val0
mux_4to1,16,,,,,0,1,0.0,0.0,1.0,0.0,0.0,0.0,0.0,,,,,,S10_S00_val0
mux_4to1,17,,,,,1,1,1.0,0.0,0.0,0.0,0.0,0.0,1.0,,,,,,S10_S00_val1
mux_4to1,18,,,,,0,1,0.0,0.0,1.0,1.0,0.0,1.0,0.0,,,,,,S10_S01_val0
mux_4to1,19,,,,,1,1,0.0,1.0,0.0,0.0,0.0,1.0,1.0,,,,,,S10_S01_val1
mux_4to1,20,,,,,1,1,1.0,0.0,1.0,1.0,1.0,0.0,1.0,,,,,,S11_S00_val1
mux_4to1,21,,,,,0,1,1.0,0.0,0.0,1.0,0.0,1.0,0.0,,,,,,S10_S01_val0
mux_4to1,22,,,,,0,1,0.0,0.0,0.0,1.0,0.0,0.0,0.0,,,,,,S10_S00_val0
mux_4to1,23,,,,,0,1,1.0,1.0,0.0,0.0,1.0,1.0,0.0,,,,,,S11_S01_val0
mux_4to1,24,,,,,0,1,0.0,0.0,0.0,0.0,1.0,0.0,0.0,,,,,,S11_S00_val0
mux_4to1,25,,,,,1,1,0.0,1.0,1.0,1.0,1.0,0.0,1.0,,,,,,S11_S00_val1
mux_4to1,26,,,,,1,1,0.0,1.0,0.0,1.0,1.0,1.0,1.0,,,,,,S11_S01_val1
mux_4to1,27,,,,,0,1,1.0,0.0,1.0,0.0,1.0,1.0,0.0,,,,,,S11_S01_val0
mux_4to1,28,,,,,1,1,1.0,1.0,1.0,0.0,0.0,0.0,1.0,,,,,,S10_S00_val1
mux_4to1,29,,,,,0,1,0.0,0.0,1.0,0.0,0.0,0.0,0.0,,,,,,S10_S00_val0
mux_4to1,30,,,,,1,1,0.0,1.0,0.0,1.0,0.0,1.0,1.0,,,,,,S10_S01_val1
mux_4to1,31,,,,,0,1,0.0,1.0,0.0,0.0,0.0,0.0,0.0,,,,,,S10_S00_val0
mux_4to1,32,,,,,0,1,0.0,0.0,1.0,1.0,0.0,0.0,0.0,,,,,,S10_S00_val0
mux_4to1,33,,,,,1,1,1.0,1.0,0.0,0.0,0.0,1.0,1.0,,,,,,S10_S01_val1
mux_4to1,34,,,,,1,1,1.0,1.0,1.0,0.0,1.0,0.0,1.0,,,,,,S11_S00_val1
mux_4to1,35,,,,,1,1,1.0,0.0,1.0,1.0,1.0,1.0,1.0,,,,,,S11_S01_val1
mux_4to1,36,,,,,1,1,0.0,0.0,0.0,1.0,1.0,1.0,1.0,,,,,,S11_S01_val1
mux_4to1,37,,,,,0,1,1.0,0.0,1.0,1.0,0.0,1.0,0.0,,,,,,S10_S01_val0
mux_4to1,38,,,,,0,1,0.0,0.0,0.0,0.0,1.0,0.0,0.0,,,,,,S11_S00_val0
mux_4to1,39,,,,,1,1,1.0,1.0,1.0,1.0,1.0,1.0,1.0,,,,,,S11_S01_val1
mux_4to1,40,,,,,1,1,1.0,1.0,1.0,1.0,0.0,0.0,1.0,,,,,,S10_S00_val1
mux_4to1,41,,,,,0,1,0.0,0.0,0.0,1.0,1.0,0.0,0.0,,,,,,S11_S00_val0
mux_4to1,42,,,,,1,1,0.0,0.0,1.0,0.0,1.0,0.0,1.0,,,,,,S11_S00_val1
mux_4to1,43,,,,,0,1,0.0,0.0,1.0,0.0,1.0,1.0,0.0,,,,,,S11_S01_val0
mux_4to1,44,,,,,1,1,0.0,1.0,1.0,1.0,1.0,1.0,1.0,,,,,,S11_S01_val1
mux_4to1,45,,,,,0,1,0.0,1.0,1.0,0.0,0.0,0.0,0.0,,,,,,S10_S00_val0
mux_4to1,46,,,,,0,1,0.0,0.0,0.0,1.0,0.0,0.0,0.0,,,,,,S10_S00_val0
mux_4to1,47,,,,,1,1,1.0,0.0,1.0,1.0,0.0,0.0,1.0,,,,,,S10_S00_val1
mux_4to1,48,,,,,1,1,1.0,0.0,1.0,1.0,0.0,0.0,1.0,,,,,,S10_S00_val1
mux_4to1,49,,,,,0,1,0.0,0.0,0.0,1.0,1.0,0.0,0.0,,,,,,S11_S00_val0
mux_4to1,50,,,,,0,1,0.0,1.0,0.0,0.0,0.0,0.0,0.0,,,,,,S10_S00_val0
mux_4to1,51,,,,,0,1,1.0,0.0,1.0,0.0,0.0,1.0,0.0,,,,,,S10_S01_val0
mux_4to1,52,,,,,0,1,1.0,0.0,1.0,0.0,1.0,1.0,0.0,,,,,,S11_S01_val0
mux_4to1,53,,,,,1,1,1.0,1.0,1.0,1.0,0.0,1.0,1.0,,,,,,S10_S01_val1
mux_4to1,54,,,,,1,1,1.0,0.0,1.0,1.0,0.0,0.0,1.0,,,,,,S10_S00_val1
mux_4to1,55,,,,,0,1,0.0,1.0,1.0,0.0,0.0,0.0,0.0,,,,,,S10_S00_val0
mux_4to1,56,,,,,1,1,0.0,1.0,1.0,0.0,0.0,1.0,1.0,,,,,,S10_S01_val1
mux_4to1,57,,,,,0,1,1.0,1.0,1.0,0.0,1.0,1.0,0.0,,,,,,S11_S01_val0
mux_4to1,58,,,,,1,1,1.0,1.0,1.0,0.0,1.0,0.0,1.0,,,,,,S11_S00_val1
mux_4to1,59,,,,,1,1,0.0,1.0,1.0,1.0,1.0,1.0,1.0,,,,,,S11_S01_val1
mux_4to1,60,,,,,0,1,1.0,0.0,1.0,0.0,1.0,1.0,0.0,,,,,,S11_S01_val0
mux_4to1,61,,,,,0,1,0.0,1.0,1.0,0.0,1.0,1.0,0.0,,,,,,S11_S01_val0
mux_4to1,62,,,,,0,1,0.0,0.0,1.0,1.0,0.0,0.0,0.0,,,,,,S10_S00_val0
mux_4to1,63,,,,,1,1,1.0,1.0,0.0,1.0,1.0,1.0,1.0,,,,,,S11_S01_val1
mux_4to1,64,,,,,1,1,0.0,0.0,0.0,1.0,1.0,1.0,1.0,,,,,,S11_S01_val1
mux_4to1,65,,,,,1,1,1.0,1.0,0.0,0.0,0.0,1.0,1.0,,,,,,S10_S01_val1
mux_4to1,66,,,,,1,1,1.0,1.0,0.0,1.0,0.0,0.0,1.0,,,,,,S10_S00_val1
mux_4to1,67,,,,,0,1,0.0,1.0,0.0,1.0,1.0,0.0,0.0,,,,,,S11_S00_val0
mux_4to1,68,,,,,0,1,0.0,1.0,0.0,0.0,1.0,0.0,0.0,,,,,,S11_S00_val0
mux_4to1,69,,,,,0,1,0.0,0.0,1.0,0.0,1.0,1.0,0.0,,,,,,S11_S01_val0
mux_4to1,70,,,,,1,1,1.0,1.0,1.0,1.0,0.0,1.0,1.0,,,,,,S10_S01_val1
mux_4to1,71,,,,,1,1,0.0,1.0,1.0,1.0,1.0,0.0,1.0,,,,,,S11_S00_val1
mux_4to1,72,,,,,1,1,0.0,1.0,1.0,0.0,1.0,0.0,1.0,,,,,,S11_S00_val1
mux_4to1,73,,,,,1,1,1.0,1.0,0.0,0.0,0.0,1.0,1.0,,,,,,S10_S01_val1
mux_4to1,74,,,,,1,1,0.0,1.0,0.0,0.0,0.0,1.0,1.0,,,,,,S10_S01_val1
mux_4to1,75,,,,,0,1,1.0,0.0,1.0,0.0,1.0,1.0,0.0,,,,,,S11_S01_val0
mux_4to1,76,,,,,1,1,1.0,0.0,1.0,0.0,0.0,0.0,1.0,,,,,,S10_S00_val1
mux_4to1,77,,,,,0,1,1.0,0.0,1.0,0.0,1.0,1.0,0.0,,,,,,S11_S01_val0
mux_4to1,78,,,,,0,1,1.0,1.0,0.0,1.0,1.0,0.0,0.0,,,,,,S11_S00_val0
mux_4to1,79,,,,,0,1,0.0,0.0,1.0,0.0,1.0,1.0,0.0,,,,,,S11_S01_val0
mux_4to1,80,,,,,1,1,0.0,1.0,1.0,0.0,1.0,0.0,1.0,,,,,,S11_S00_val1
mux_4to1,81,,,,,0,1,1.0,1.0,0.0,1.0,1.0,0.0,0.0,,,,,,S11_S00_val0
mux_4to1,82,,,,,1,1,0.0,0.0,1.0,1.0,1.0,1.0,1.0,,,,,,S11_S01_val1
mux_4to1,83,,,,,0,1,0.0,1.0,0.0,0.0,1.0,1.0,0.0,,,,,,S11_S01_val0
mux_4to1,84,,,,,1,1,1.0,0.0,0.0,1.0,0.0,0.0,1.0,,,,,,S10_S00_val1
mux_4to1,85,,,,,0,1,0.0,1.0,1.0,1.0,0.0,0.0,0.0,,,,,,S10_S00_val0
mux_4to1,86,,,,,0,1,0.0,0.0,1.0,0.0,0.0,1.0,0.0,,,,,,S10_S01_val0
mux_4to1,87,,,,,1,1,0.0,1.0,0.0,0.0,0.0,1.0,1.0,,,,,,S10_S01_val1
mux_4to1,88,,,,,0,1,0.0,1.0,1.0,1.0,0.0,0.0,0.0,,,,,,S10_S00_val0
mux_4to1,89,,,,,0,1,1.0,0.0,0.0,1.0,1.0,0.0,0.0,,,,,,S11_S00_val0
mux_4to1,90,,,,,0,1,1.0,0.0,0.0,0.0,1.0,0.0,0.0,,,,,,S11_S00_val0
mux_4to1,91,,,,,0,1,0.0,1.0,0.0,1.0,0.0,0.0,0.0,,,,,,S10_S00_val0
mux_4to1,92,,,,,1,1,1.0,1.0,1.0,1.0,0.0,1.0,1.0,,,,,,S10_S01_val1
mux_4to1,93,,,,,0,1,0.0,1.0,0.0,0.0,1.0,0.0,0.0,,,,,,S11_S00_val0
mux_4to1,94,,,,,0,1,0.0,1.0,0.0,0.0,1.0,1.0,0.0,,,,,,S11_S01_val0
mux_4to1,95,,,,,0,1,1.0,1.0,0.0,0.0,1.0,0.0,0.0,,,,,,S11_S00_val0
mux_4to1,96,,,,,0,1,0.0,0.0,0.0,1.0,0.0,1.0,0.0,,,,,,S10_S01_val0
mux_4to1,97,,,,,1,1,1.0,0.0,0.0,1.0,0.0,0.0,1.0,,,,,,S10_S00_val1
mux_4to1,98,,,,,1,1,1.0,1.0,1.0,0.0,0.0,1.0,1.0,,,,,,S10_S01_val1
mux_4to1,99,,,,,1,1,1.0,1.0,0.0,1.0,1.0,1.0,1.0,,,,,,S11_S01_val1
full_adder,0,0.0,1.0,1.0,,1,1,,,,,,,,0.0,0.0,,,,A0_B1_Cin0
full_adder,1,1.0,1.0,0.0,,10,1,,,,,,,,0.0,1.0,,,,A1_B1_Cin0
full_adder,2,0.0,1.0,1.0,,1,1,,,,,,,,0.0,0.0,,,,A0_B1_Cin0
full_adder,3,1.0,0.0,1.0,,1,1,,,,,,,,0.0,0.0,,,,A1_B0_Cin0
full_adder,4,0.0,0.0,1.0,,1,1,,,,,,,,1.0,0.0,,,,A0_B0_Cin1
full_adder,5,1.0,0.0,0.0,,10,1,,,,,,,,1.0,1.0,,,,A1_B0_Cin1
full_adder,6,0.0,1.0,1.0,,1,1,,,,,,,,0.0,0.0,,,,A0_B1_Cin0
full_adder,7,0.0,0.0,0.0,,0,1,,,,,,,,0.0,0.0,,,,A0_B0_Cin0
full_adder,8,1.0,1.0,0.0,,10,1,,,,,,,,0.0,1.0,,,,A1_B1_Cin0
full_adder,9,1.0,0.0,1.0,,1,1,,,,,,,,0.0,0.0,,,,A1_B0_Cin0
full_adder,10,0.0,1.0,1.0,,1,1,,,,,,,,0.0,0.0,,,,A0_B1_Cin0
full_adder,11,1.0,0.0,1.0,,1,1,,,,,,,,0.0,0.0,,,,A1_B0_Cin0
full_adder,12,1.0,1.0,1.0,,11,1,,,,,,,,1.0,1.0,,,,A1_B1_Cin1
full_adder,13,0.0,0.0,0.0,,0,1,,,,,,,,0.0,0.0,,,,A0_B0_Cin0
full_adder,14,0.0,1.0,1.0,,1,1,,,,,,,,0.0,0.0,,,,A0_B1_Cin0
full_adder,15,1.0,0.0,0.0,,10,1,,,,,,,,1.0,1.0,,,,A1_B0_Cin1
full_adder,16,1.0,0.0,0.0,,10,1,,,,,,,,1.0,1.0,,,,A1_B0_Cin1
full_adder,17,1.0,1.0,1.0,,11,1,,,,,,,,1.0,1.0,,,,A1_B1_Cin1
full_adder,18,0.0,0.0,0.0,,0,1,,,,,,,,0.0,0.0,,,,A0_B0_Cin0
full_adder,19,0.0,0.0,0.0,,0,1,,,,,,,,0.0,0.0,,,,A0_B0_Cin0
full_adder,20,1.0,1.0,1.0,,11,1,,,,,,,,1.0,1.0,,,,A1_B1_Cin1
full_adder,21,1.0,0.0,1.0,,1,1,,,,,,,,0.0,0.0,,,,A1_B0_Cin0
full_adder,22,0.0,0.0,1.0,,1,1,,,,,,,,1.0,0.0,,,,A0_B0_Cin1
full_adder,23,1.0,1.0,1.0,,11,1,,,,,,,,1.0,1.0,,,,A1_B1_Cin1
full_adder,24,0.0,1.0,1.0,,1,1,,,,,,,,0.0,0.0,,,,A0_B1_Cin0
full_adder,25,0.0,1.0,1.0,,1,1,,,,,,,,0.0,0.0,,,,A0_B1_Cin0
full_adder,26,1.0,0.0,1.0,,1,1,,,,,,,,0.0,0.0,,,,A1_B0_Cin0
full_adder,27,0.0,0.0,1.0,,1,1,,,,,,,,1.0,0.0,,,,A0_B0_Cin1
full_adder,28,1.0,1.0,0.0,,10,1,,,,,,,,0.0,1.0,,,,A1_B1_Cin0
full_adder,29,0.0,0.0,1.0,,1,1,,,,,,,,1.0,0.0,,,,A0_B0_Cin1
full_adder,30,0.0,1.0,1.0,,1,1,,,,,,,,0.0,0.0,,,,A0_B1_Cin0
full_adder,31,0.0,1.0,0.0,,10,1,,,,,,,,1.0,1.0,,,,A0_B1_Cin1
full_adder,32,0.0,0.0,1.0,,1,1,,,,,,,,1.0,0.0,,,,A0_B0_Cin1
full_adder,33,0.0,0.0,0.0,,0,1,,,,,,,,0.0,0.0,,,,A0_B0_Cin0
full_adder,34,1.0,0.0,1.0,,1,1,,,,,,,,0.0,0.0,,,,A1_B0_Cin0
full_adder,35,0.0,0.0,0.0,,0,1,,,,,,,,0.0,0.0,,,,A0_B0_Cin0
full_adder,36,0.0,0.0,1.0,,1,1,,,,,,,,1.0,0.0,,,,A0_B0_Cin1
full_adder,37,1.0,0.0,0.0,,10,1,,,,,,,,1.0,1.0,,,,A1_B0_Cin1
full_adder,38,0.0,1.0,1.0,,1,1,,,,,,,,0.0,0.0,,,,A0_B1_Cin0
full_adder,39,0.0,0.0,1.0,,1,1,,,,,,,,1.0,0.0,,,,A0_B0_Cin1
full_adder,40,1.0,0.0,0.0,,10,1,,,,,,,,1.0,1.0,,,,A1_B0_Cin1
full_adder,41,1.0,1.0,0.0,,10,1,,,,,,,,0.0,1.0,,,,A1_B1_Cin0
full_adder,42,1.0,0.0,1.0,,1,1,,,,,,,,0.0,0.0,,,,A1_B0_Cin0
full_adder,43,1.0,0.0,0.0,,10,1,,,,,,,,1.0,1.0,,,,A1_B0_Cin1
full_adder,44,0.0,0.0,0.0,,0,1,,,,,,,,0.0,0.0,,,,A0_B0_Cin0
full_adder,45,1.0,0.0,1.0,,1,1,,,,,,,,0.0,0.0,,,,A1_B0_Cin0
full_adder,46,1.0,1.0,0.0,,10,1,,,,,,,,0.0,1.0,,,,A1_B1_Cin0
full_adder,47,0.0,1.0,0.0,,10,1,,,,,,,,1.0,1.0,,,,A0_B1_Cin1
full_adder,48,0.0,0.0,0.0,,0,1,,,,,,,,0.0,0.0,,,,A0_B0_Cin0
full_adder,49,0.0,1.0,1.0,,1,1,,,,,,,,0.0,0.0,,,,A0_B1_Cin0
full_adder,50,0.0,1.0,0.0,,10,1,,,,,,,,1.0,1.0,,,,A0_B1_Cin1
full_adder,51,1.0,1.0,0.0,,10,1,,,,,,,,0.0,1.0,,,,A1_B1_Cin0
full_adder,52,0.0,1.0,1.0,,1,1,,,,,,,,0.0,0.0,,,,A0_B1_Cin0
full_adder,53,1.0,1.0,1.0,,11,1,,,,,,,,1.0,1.0,,,,A1_B1_Cin1
full_adder,54,1.0,0.0,0.0,,10,1,,,,,,,,1.0,1.0,,,,A1_B0_Cin1
full_adder,55,0.0,1.0,0.0,,10,1,,,,,,,,1.0,1.0,,,,A0_B1_Cin1
full_adder,56,1.0,1.0,1.0,,11,1,,,,,,,,1.0,1.0,,,,A1_B1_Cin1
full_adder,57,0.0,0.0,0.0,,0,1,,,,,,,,0.0,0.0,,,,A0_B0_Cin0
full_adder,58,0.0,0.0,1.0,,1,1,,,,,,,,1.0,0.0,,,,A0_B0_Cin1
full_adder,59,0.0,0.0,0.0,,0,1,,,,,,,,0.0,0.0,,,,A0_B0_Cin0
full_adder,60,0.0,1.0,1.0,,1,1,,,,,,,,0.0,0.0,,,,A0_B1_Cin0
full_adder,61,1.0,0.0,0.0,,10,1,,,,,,,,1.0,1.0,,,,A1_B0_Cin1
full_adder,62,0.0,1.0,1.0,,1,1,,,,,,,,0.0,0.0,,,,A0_B1_Cin0
full_adder,63,0.0,0.0,0.0,,0,1,,,,,,,,0.0,0.0,,,,A0_B0_Cin0
full_adder,64,0.0,0.0,1.0,,1,1,,,,,,,,1.0,0.0,,,,A0_B0_Cin1
full_adder,65,1.0,0.0,1.0,,1,1,,,,,,,,0.0,0.0,,,,A1_B0_Cin0
full_adder,66,1.0,1.0,0.0,,10,1,,,,,,,,0.0,1.0,,,,A1_B1_Cin0
full_adder,67,0.0,0.0,1.0,,1,1,,,,,,,,1.0,0.0,,,,A0_B0_Cin1
full_adder,68,1.0,1.0,1.0,,11,1,,,,,,,,1.0,1.0,,,,A1_B1_Cin1
full_adder,69,0.0,1.0,1.0,,1,1,,,,,,,,0.0,0.0,,,,A0_B1_Cin0
full_adder,70,1.0,0.0,0.0,,10,1,,,,,,,,1.0,1.0,,,,A1_B0_Cin1
full_adder,71,1.0,1.0,1.0,,11,1,,,,,,,,1.0,1.0,,,,A1_B1_Cin1
full_adder,72,0.0,0.0,0.0,,0,1,,,,,,,,0.0,0.0,,,,A0_B0_Cin0
full_adder,73,1.0,1.0,1.0,,11,1,,,,,,,,1.0,1.0,,,,A1_B1_Cin1
full_adder,74,1.0,0.0,0.0,,10,1,,,,,,,,1.0,1.0,,,,A1_B0_Cin1
full_adder,75,1.0,0.0,0.0,,10,1,,,,,,,,1.0,1.0,,,,A1_B0_Cin1
full_adder,76,0.0,0.0,0.0,,0,1,,,,,,,,0.0,0.0,,,,A0_B0_Cin0
full_adder,77,0.0,1.0,1.0,,1,1,,,,,,,,0.0,0.0,,,,A0_B1_Cin0
full_adder,78,1.0,1.0,1.0,,11,1,,,,,,,,1.0,1.0,,,,A1_B1_Cin1
full_adder,79,1.0,1.0,1.0,,11,1,,,,,,,,1.0,1.0,,,,A1_B1_Cin1
full_adder,80,1.0,1.0,1.0,,11,1,,,,,,,,1.0,1.0,,,,A1_B1_Cin1
full_adder,81,1.0,0.0,1.0,,1,1,,,,,,,,0.0,0.0,,,,A1_B0_Cin0
full_adder,82,0.0,0.0,0.0,,0,1,,,,,,,,0.0,0.0,,,,A0_B0_Cin0
full_adder,83,1.0,1.0,0.0,,10,1,,,,,,,,0.0,1.0,,,,A1_B1_Cin0
full_adder,84,0.0,0.0,1.0,,1,1,,,,,,,,1.0,0.0,,,,A0_B0_Cin1
full_adder,85,0.0,1.0,1.0,,1,1,,,,,,,,0.0,0.0,,,,A0_B1_Cin0
full_adder,86,0.0,0.0,1.0,,1,1,,,,,,,,1.0,0.0,,,,A0_B0_Cin1
full_adder,87,0.0,1.0,0.0,,10,1,,,,,,,,1.0,1.0,,,,A0_B1_Cin1
full_adder,88,0.0,1.0,0.0,,10,1,,,,,,,,1.0,1.0,,,,A0_B1_Cin1
full_adder,89,1.0,1.0,1.0,,11,1,,,,,,,,1.0,1.0,,,,A1_B1_Cin1
full_adder,90,0.0,1.0,0.0,,10,1,,,,,,,,1.0,1.0,,,,A0_B1_Cin1
full_adder,91,0.0,0.0,0.0,,0,1,,,,,,,,0.0,0.0,,,,A0_B0_Cin0
full_adder,92,0.0,0.0,0.0,,0,1,,,,,,,,0.0,0.0,,,,A0_B0_Cin0
full_adder,93,1.0,0.0,1.0,,1,1,,,,,,,,0.0,0.0,,,,A1_B0_Cin0
full_adder,94,1.0,0.0,0.0,,10,1,,,,,,,,1.0,1.0,,,,A1_B0_Cin1
full_adder,95,1.0,0.0,1.0,,1,1,,,,,,,,0.0,0.0,,,,A1_B0_Cin0
full_adder,96,1.0,0.0,0.0,,10,1,,,,,,,,1.0,1.0,,,,A1_B0_Cin1
full_adder,97,1.0,0.0,1.0,,1,1,,,,,,,,0.0,0.0,,,,A1_B0_Cin0
full_adder,98,0.0,0.0,0.0,,0,1,,,,,,,,0.0,0.0,,,,A0_B0_Cin0
full_adder,99,1.0,1.0,0.0,,10,1,,,,,,,,0.0,1.0,,,,A1_B1_Cin0
adder_4bit,0,1.0,12.0,13.0,,13,1,,,,,,,,0.0,0.0,,,,"no_carry,cin_0"
adder_4bit,1,14.0,14.0,12.0,,28,1,,,,,,,,0.0,1.0,,,,"carry,cin_0"
adder_4bit,2,7.0,14.0,5.0,,21,1,,,,,,,,0.0,1.0,,,,"carry,cin_0"
adder_4bit,3,10.0,4.0,14.0,,14,1,,,,,,,,0.0,0.0,,,,"no_carry,cin_0"
adder_4bit,4,2.0,2.0,5.0,,5,1,,,,,,,,1.0,0.0,,,,"no_carry,cin_1"
adder_4bit,5,11.0,4.0,0.0,,16,1,,,,,,,,1.0,1.0,,,,"carry,cin_1"
adder_4bit,6,6.0,15.0,5.0,,21,1,,,,,,,,0.0,1.0,,,,"carry,cin_0"
adder_4bit,7,1.0,2.0,3.0,,3,1,,,,,,,,0.0,0.0,,,,"no_carry,cin_0"
adder_4bit,8,14.0,8.0,6.0,,22,1,,,,,,,,0.0,1.0,,,,"carry,cin_0"
adder_4bit,9,15.0,1.0,0.0,,16,1,,,,,,,,0.0,1.0,,,,"carry,cin_0"
adder_4bit,10,2.0,12.0,14.0,,14,1,,,,,,,,0.0,0.0,,,,"no_carry,cin_0"
adder_4bit,11,8.0,5.0,13.0,,13,1,,,,,,,,0.0,0.0,,,,"no_carry,cin_0"
adder_4bit,12,12.0,12.0,9.0,,25,1,,,,,,,,1.0,1.0,,,,"carry,cin_1"
adder_4bit,13,0.0,1.0,1.0,,1,1,,,,,,,,0.0,0.0,,,,"no_carry,cin_0"
adder_4bit,14,3.0,8.0,11.0,,11,1,,,,,,,,0.0,0.0,,,,"no_carry,cin_0"
adder_4bit,15,13.0,7.0,5.0,,21,1,,,,,,,,1.0,1.0,,,,"carry,cin_1"
adder_4bit,16,12.0,4.0,1.0,,17,1,,,,,,,,1.0,1.0,,,,"carry,cin_1"
adder_4bit,17,14.0,13.0,12.0,,28,1,,,,,,,,1.0,1.0,,,,"carry,cin_1"
adder_4bit,18,5.0,3.0,8.0,,8,1,,,,,,,,0.0,0.0,,,,"no_carry,cin_0"
adder_4bit,19,0.0,1.0,1.0,,1,1,,,,,,,,0.0,0.0,,,,"no_carry,cin_0"
adder_4bit,20,9.0,8.0,2.0,,18,1,,,,,,,,1.0,1.0,,,,"carry,cin_1"
adder_4bit,21,12.0,7.0,3.0,,19,1,,,,,,,,0.0,1.0,,,,"carry,cin_0"
adder_4bit,22,4.0,5.0,10.0,,10,1,,,,,,,,1.0,0.0,,,,"no_carry,cin_1"
adder_4bit,23,15.0,14.0,14.0,,30,1,,,,,,,,1.0,1.0,,,,"carry,cin_1"
adder_4bit,24,7.0,13.0,4.0,,20,1,,,,,,,,0.0,1.0,,,,"carry,cin_0"
adder_4bit,25,7.0,11.0,2.0,,18,1,,,,,,,,0.0,1.0,,,,"carry,cin_0"
adder_4bit,26,14.0,0.0,14.0,,14,1,,,,,,,,0.0,0.0,,,,"no_carry,cin_0"
adder_4bit,27,5.0,5.0,11.0,,11,1,,,,,,,,1.0,0.0,,,,"no_carry,cin_1"
adder_4bit,28,14.0,14.0,12.0,,28,1,,,,,,,,0.0,1.0,,,,"carry,cin_0"
adder_4bit,29,1.0,1.0,3.0,,3,1,,,,,,,,1.0,0.0,,,,"no_carry,cin_1"
adder_4bit,30,6.0,14.0,4.0,,20,1,,,,,,,,0.0,1.0,,,,"carry,cin_0"
adder_4bit,31,6.0,15.0,6.0,,22,1,,,,,,,,1.0,1.0,,,,"carry,cin_1"
adder_4bit,32,1.0,5.0,7.0,,7,1,,,,,,,,1.0,0.0,,,,"no_carry,cin_1"
adder_4bit,33,2.0,4.0,6.0,,6,1,,,,,,,,0.0,0.0,,,,"no_carry,cin_0"
adder_4bit,34,10.0,3.0,13.0,,13,1,,,,,,,,0.0,0.0,,,,"no_carry,cin_0"
adder_4bit,35,5.0,7.0,12.0,,12,1,,,,,,,,0.0,0.0,,,,"no_carry,cin_0"
adder_4bit,36,4.0,1.0,6.0,,6,1,,,,,,,,1.0,0.0,,,,"no_carry,cin_1"
adder_4bit,37,13.0,3.0,1.0,,17,1,,,,,,,,1.0,1.0,,,,"carry,cin_1"
adder_4bit,38,0.0,12.0,12.0,,12,1,,,,,,,,0.0,0.0,,,,"no_carry,cin_0"
adder_4bit,39,2.0,5.0,8.0,,8,1,,,,,,,,1.0,0.0,,,,"no_carry,cin_1"
adder_4bit,40,14.0,6.0,5.0,,21,1,,,,,,,,1.0,1.0,,,,"carry,cin_1"
adder_4bit,41,14.0,13.0,11.0,,27,1,,,,,,,,0.0,1.0,,,,"carry,cin_0"
adder_4bit,42,8.0,7.0,15.0,,15,1,,,,,,,,0.0,0.0,,,,"no_carry,cin_0"
adder_4bit,43,13.0,1.0,15.0,,15,1,,,,,,,,1.0,0.0,,,,"no_carry,cin_1"
adder_4bit,44,6.0,6.0,12.0,,12,1,,,,,,,,0.0,0.0,,,,"no_carry,cin_0"
adder_4bit,45,8.0,4.0,12.0,,12,1,,,,,,,,0.0,0.0,,,,"no_carry,cin_0"
adder_4bit,46,8.0,13.0,5.0,,21,1,,,,,,,,0.0,1.0,,,,"carry,cin_0"
adder_4bit,47,1.0,11.0,13.0,,13,1,,,,,,,,1.0,0.0,,,,"no_carry,cin_1"
adder_4bit,48,3.0,5.0,8.0,,8,1,,,,,,,,0.0,0.0,,,,"no_carry,cin_0"
adder_4bit,49,2.0,15.0,1.0,,17,1,,,,,,,,0.0,1.0,,,,"carry,cin_0"
adder_4bit,50,6.0,8.0,15.0,,15,1,,,,,,,,1.0,0.0,,,,"no_carry,cin_1"
adder_4bit,51,9.0,14.0,7.0,,23,1,,,,,,,,0.0,1.0,,,,"carry,cin_0"
adder_4bit,52,1.0,8.0,9.0,,9,1,,,,,,,,0.0,0.0,,,,"no_carry,cin_0"
adder_4bit,53,10.0,12.0,7.0,,23,1,,,,,,,,1.0,1.0,,,,"carry,cin_1"
adder_4bit,54,15.0,2.0,2.0,,18,1,,,,,,,,1.0,1.0,,,,"carry,cin_1"
adder_4bit,55,5.0,8.0,14.0,,14,1,,,,,,,,1.0,0.0,,,,"no_carry,cin_1"
adder_4bit,56,10.0,8.0,3.0,,19,1,,,,,,,,1.0,1.0,,,,"carry,cin_1"
adder_4bit,57,5.0,5.0,10.0,,10,1,,,,,,,,0.0,0.0,,,,"no_carry,cin_0"
adder_4bit,58,7.0,5.0,13.0,,13,1,,,,,,,,1.0,0.0,,,,"no_carry,cin_1"
adder_4bit,59,3.0,6.0,9.0,,9,1,,,,,,,,0.0,0.0,,,,"no_carry,cin_0"
adder_4bit,60,3.0,13.0,0.0,,16,1,,,,,,,,0.0,1.0,,,,"carry,cin_0"
adder_4bit,61,12.0,7.0,4.0,,20,1,,,,,,,,1.0,1.0,,,,"carry,cin_1"
adder_4bit,62,2.0,14.0,0.0,,16,1,,,,,,,,0.0,1.0,,,,"carry,cin_0"
adder_4bit,63,5.0,6.0,11.0,,11,1,,,,,,,,0.0,0.0,,,,"no_carry,cin_0"
adder_4bit,64,6.0,3.0,10.0,,10,1,,,,,,,,1.0,0.0,,,,"no_carry,cin_1"
adder_4bit,65,15.0,3.0,2.0,,18,1,,,,,,,,0.0,1.0,,,,"carry,cin_0"
adder_4bit,66,13.0,10.0,7.0,,23,1,,,,,,,,0.0,1.0,,,,"carry,cin_0"
adder_4bit,67,7.0,0.0,8.0,,8,1,,,,,,,,1.0,0.0,,,,"no_carry,cin_1"
adder_4bit,68,11.0,14.0,10.0,,26,1,,,,,,,,1.0,1.0,,,,"carry,cin_1"
adder_4bit,69,6.0,12.0,2.0,,18,1,,,,,,,,0.0,1.0,,,,"carry,cin_0"
adder_4bit,70,12.0,5.0,2.0,,18,1,,,,,,,,1.0,1.0,,,,"carry,cin_1"
adder_4bit,71,10.0,13.0,8.0,,24,1,,,,,,,,1.0,1.0,,,,"carry,cin_1"
adder_4bit,72,4.0,2.0,6.0,,6,1,,,,,,,,0.0,0.0,,,,"no_carry,cin_0"
adder_4bit,73,11.0,11.0,7.0,,23,1,,,,,,,,1.0,1.0,,,,"carry,cin_1"
adder_4bit,74,8.0,7.0,0.0,,16,1,,,,,,,,1.0,1.0,,,,"carry,cin_1"
adder_4bit,75,10.0,5.0,0.0,,16,1,,,,,,,,1.0,1.0,,,,"carry,cin_1"
adder_4bit,76,1.0,1.0,2.0,,2,1,,,,,,,,0.0,0.0,,,,"no_carry,cin_0"
adder_4bit,77,6.0,9.0,15.0,,15,1,,,,,,,,0.0,0.0,,,,"no_carry,cin_0"
adder_4bit,78,10.0,15.0,10.0,,26,1,,,,,,,,1.0,1.0,,,,"carry,cin_1"
adder_4bit,79,9.0,11.0,5.0,,21,1,,,,,,,,1.0,1.0,,,,"carry,cin_1"
adder_4bit,80,10.0,11.0,6.0,,22,1,,,,,,,,1.0,1.0,,,,"carry,cin_1"
adder_4bit,81,13.0,7.0,4.0,,20,1,,,,,,,,0.0,1.0,,,,"carry,cin_0"
adder_4bit,82,5.0,3.0,8.0,,8,1,,,,,,,,0.0,0.0,,,,"no_carry,cin_0"
adder_4bit,83,14.0,15.0,13.0,,29,1,,,,,,,,0.0,1.0,,,,"carry,cin_0"
adder_4bit,84,4.0,5.0,10.0,,10,1,,,,,,,,1.0,0.0,,,,"no_carry,cin_1"
adder_4bit,85,5.0,14.0,3.0,,19,1,,,,,,,,0.0,1.0,,,,"carry,cin_0"
adder_4bit,86,4.0,5.0,10.0,,10,1,,,,,,,,1.0,0.0,,,,"no_carry,cin_1"
adder_4bit,87,0.0,10.0,11.0,,11,1,,,,,,,,1.0,0.0,,,,"no_carry,cin_1"
adder_4bit,88,4.0,14.0,3.0,,19,1,,,,,,,,1.0,1.0,,,,"carry,cin_1"
adder_4bit,89,8.0,14.0,7.0,,23,1,,,,,,,,1.0,1.0,,,,"carry,cin_1"
adder_4bit,90,7.0,11.0,3.0,,19,1,,,,,,,,1.0,1.0,,,,"carry,cin_1"
adder_4bit,91,5.0,4.0,9.0,,9,1,,,,,,,,0.0,0.0,,,,"no_carry,cin_0"
adder_4bit,92,5.0,5.0,10.0,,10,1,,,,,,,,0.0,0.0,,,,"no_carry,cin_0"
adder_4bit,93,13.0,7.0,4.0,,20,1,,,,,,,,0.0,1.0,,,,"carry,cin_0"
adder_4bit,94,14.0,5.0,4.0,,20,1,,,,,,,,1.0,1.0,,,,"carry,cin_1"
adder_4bit,95,10.0,7.0,1.0,,17,1,,,,,,,,0.0,1.0,,,,"carry,cin_0"
adder_4bit,96,9.0,1.0,11.0,,11,1,,,,,,,,1.0,0.0,,,,"no_carry,cin_1"
adder_4bit,97,13.0,6.0,3.0,,19,1,,,,,,,,0.0,1.0,,,,"carry,cin_0"
adder_4bit,98,4.0,2.0,6.0,,6,1,,,,,,,,0.0,0.0,,,,"no_carry,cin_0"
adder_4bit,99,12.0,8.0,4.0,,20,1,,,,,,,,0.0,1.0,,,,"carry,cin_0"
adder_4bit,100,2.0,9.0,11.0,,11,1,,,,,,,,0.0,0.0,,,,"no_carry,cin_0"
adder_4bit,101,0.0,1.0,1.0,,1,1,,,,,,,,0.0,0.0,,,,"no_carry,cin_0"
adder_4bit,102,8.0,5.0,14.0,,14,1,,,,,,,,1.0,0.0,,,,"no_carry,cin_1"
adder_4bit,103,0.0,5.0,6.0,,6,1,,,,,,,,1.0,0.0,,,,"no_carry,cin_1"
adder_4bit,104,15.0,2.0,2.0,,18,1,,,,,,,,1.0,1.0,,,,"carry,cin_1"
adder_4bit,105,4.0,13.0,2.0,,18,1,,,,,,,,1.0,1.0,,,,"carry,cin_1"
adder_4bit,106,14.0,12.0,11.0,,27,1,,,,,,,,1.0,1.0,,,,"carry,cin_1"
adder_4bit,107,11.0,5.0,1.0,,17,1,,,,,,,,1.0,1.0,,,,"carry,cin_1"
adder_4bit,108,11.0,1.0,13.0,,13,1,,,,,,,,1.0,0.0,,,,"no_carry,cin_1"
adder_4bit,109,12.0,5.0,1.0,,17,1,,,,,,,,0.0,1.0,,,,"carry,cin_0"
adder_4bit,110,5.0,12.0,2.0,,18,1,,,,,,,,1.0,1.0,,,,"carry,cin_1"
adder_4bit,111,4.0,2.0,6.0,,6,1,,,,,,,,0.0,0.0,,,,"no_carry,cin_0"
adder_4bit,112,0.0,9.0,10.0,,10,1,,,,,,,,1.0,0.0,,,,"no_carry,cin_1"
adder_4bit,113,5.0,6.0,12.0,,12,1,,,,,,,,1.0,0.0,,,,"no_carry,cin_1"
adder_4bit,114,13.0,8.0,6.0,,22,1,,,,,,,,1.0,1.0,,,,"carry,cin_1"
adder_4bit,115,1.0,13.0,15.0,,15,1,,,,,,,,1.0,0.0,,,,"no_carry,cin_1"
adder_4bit,116,11.0,8.0,4.0,,20,1,,,,,,,,1.0,1.0,,,,"carry,cin_1"
adder_4bit,117,6.0,12.0,2.0,,18,1,,,,,,,,0.0,1.0,,,,"carry,cin_0"
adder_4bit,118,5.0,13.0,3.0,,19,1,,,,,,,,1.0,1.0,,,,"carry,cin_1"
adder_4bit,119,13.0,12.0,10.0,,26,1,,,,,,,,1.0,1.0,,,,"carry,cin_1"
adder_4bit,120,14.0,1.0,0.0,,16,1,,,,,,,,1.0,1.0,,,,"carry,cin_1"
adder_4bit,121,2.0,14.0,1.0,,17,1,,,,,,,,1.0,1.0,,,,"carry,cin_1"
adder_4bit,122,3.0,10.0,14.0,,14,1,,,,,,,,1.0,0.0,,,,"no_carry,cin_1"
adder_4bit,123,3.0,10.0,14.0,,14,1,,,,,,,,1.0,0.0,,,,"no_carry,cin_1"
adder_4bit,124,3.0,7.0,11.0,,11,1,,,,,,,,1.0,0.0,,,,"no_carry,cin_1"
adder_4bit,125,11.0,4.0,15.0,,15,1,,,,,,,,0.0,0.0,,,,"no_carry,cin_0"
adder_4bit,126,9.0,10.0,3.0,,19,1,,,,,,,,0.0,1.0,,,,"carry,cin_0"
adder_4bit,127,13.0,15.0,13.0,,29,1,,,,,,,,1.0,1.0,,,,"carry,cin_1"
adder_4bit,128,3.0,2.0,5.0,,5,1,,,,,,,,0.0,0.0,,,,"no_carry,cin_0"
adder_4bit,129,9.0,10.0,4.0,,20,1,,,,,,,,1.0,1.0,,,,"carry,cin_1"
adder_4bit,130,10.0,12.0,6.0,,22,1,,,,,,,,0.0,1.0,,,,"carry,cin_0"
adder_4bit,131,0.0,4.0,5.0,,5,1,,,,,,,,1.0,0.0,,,,"no_carry,cin_1"
adder_4bit,132,8.0,14.0,6.0,,22,1,,,,,,,,0.0,1.0,,,,"carry,cin_0"
adder_4bit,133,13.0,5.0,2.0,,18,1,,,,,,,,0.0,1.0,,,,"carry,cin_0"
adder_4bit,134,0.0,10.0,10.0,,10,1,,,,,,,,0.0,0.0,,,,"no_carry,cin_0"
adder_4bit,135,10.0,10.0,4.0,,20,1,,,,,,,,0.0,1.0,,,,"carry,cin_0"
adder_4bit,136,6.0,12.0,2.0,,18,1,,,,,,,,0.0,1.0,,,,"carry,cin_0"
adder_4bit,137,6.0,12.0,2.0,,18,1,,,,,,,,0.0,1.0,,,,"carry,cin_0"
adder_4bit,138,2.0,2.0,5.0,,5,1,,,,,,,,1.0,0.0,,,,"no_carry,cin_1"
adder_4bit,139,7.0,13.0,5.0,,21,1,,,,,,,,1.0,1.0,,,,"carry,cin_1"
adder_4bit,140,13.0,14.0,12.0,,28,1,,,,,,,,1.0,1.0,,,,"carry,cin_1"
adder_4bit,141,10.0,5.0,0.0,,16,1,,,,,,,,1.0,1.0,,,,"carry,cin_1"
adder_4bit,142,6.0,12.0,3.0,,19,1,,,,,,,,1.0,1.0,,,,"carry,cin_1"
adder_4bit,143,12.0,8.0,4.0,,20,1,,,,,,,,0.0,1.0,,,,"carry,cin_0"
adder_4bit,144,4.0,10.0,15.0,,15,1,,,,,,,,1.0,0.0,,,,"no_carry,cin_1"
adder_4bit,145,5.0,11.0,0.0,,16,1,,,,,,,,0.0,1.0,,,,"carry,cin_0"
adder_4bit,146,13.0,13.0,10.0,,26,1,,,,,,,,0.0,1.0,,,,"carry,cin_0"
adder_4bit,147,0.0,3.0,4.0,,4,1,,,,,,,,1.0,0.0,,,,"no_carry,cin_1"
adder_4bit,148,7.0,8.0,15.0,,15,1,,,,,,,,0.0,0.0,,,,"no_carry,cin_0"
adder_4bit,149,1.0,6.0,8.0,,8,1,,,,,,,,1.0,0.0,,,,"no_carry,cin_1"
adder_4bit,150,10.0,1.0,12.0,,12,1,,,,,,,,1.0,0.0,,,,"no_carry,cin_1"
adder_4bit,151,6.0,10.0,1.0,,17,1,,,,,,,,1.0,1.0,,,,"carry,cin_1"
adder_4bit,152,8.0,2.0,11.0,,11,1,,,,,,,,1.0,0.0,,,,"no_carry,cin_1"
adder_4bit,153,1.0,4.0,5.0,,5,1,,,,,,,,0.0,0.0,,,,"no_carry,cin_0"
adder_4bit,154,13.0,6.0,4.0,,20,1,,,,,,,,1.0,1.0,,,,"carry,cin_1"
adder_4bit,155,7.0,14.0,6.0,,22,1,,,,,,,,1.0,1.0,,,,"carry,cin_1"
adder_4bit,156,10.0,8.0,2.0,,18,1,,,,,,,,0.0,1.0,,,,"carry,cin_0"
adder_4bit,157,10.0,13.0,7.0,,23,1,,,,,,,,0.0,1.0,,,,"carry,cin_0"
adder_4bit,158,4.0,0.0,5.0,,5,1,,,,,,,,1.0,0.0,,,,"no_carry,cin_1"
adder_4bit,159,1.0,10.0,12.0,,12,1,,,,,,,,1.0,0.0,,,,"no_carry,cin_1"
adder_4bit,160,2.0,14.0,1.0,,17,1,,,,,,,,1.0,1.0,,,,"carry,cin_1"
adder_4bit,161,6.0,8.0,14.0,,14,1,,,,,,,,0.0,0.0,,,,"no_carry,cin_0"
adder_4bit,162,11.0,11.0,6.0,,22,1,,,,,,,,0.0,1.0,,,,"carry,cin_0"
adder_4bit,163,13.0,12.0,9.0,,25,1,,,,,,,,0.0,1.0,,,,"carry,cin_0"
adder_4bit,164,3.0,3.0,7.0,,7,1,,,,,,,,1.0,0.0,,,,"no_carry,cin_1"
adder_4bit,165,8.0,15.0,8.0,,24,1,,,,,,,,1.0,1.0,,,,"carry,cin_1"
adder_4bit,166,4.0,11.0,15.0,,15,1,,,,,,,,0.0,0.0,,,,"no_carry,cin_0"
adder_4bit,167,3.0,14.0,2.0,,18,1,,,,,,,,1.0,1.0,,,,"carry,cin_1"
adder_4bit,168,11.0,2.0,13.0,,13,1,,,,,,,,0.0,0.0,,,,"no_carry,cin_0"
adder_4bit,169,8.0,4.0,12.0,,12,1,,,,,,,,0.0,0.0,,,,"no_carry,cin_0"
adder_4bit,170,7.0,11.0,3.0,,19,1,,,,,,,,1.0,1.0,,,,"carry,cin_1"
adder_4bit,171,8.0,0.0,8.0,,8,1,,,,,,,,0.0,0.0,,,,"no_carry,cin_0"
adder_4bit,172,1.0,1.0,3.0,,3,1,,,,,,,,1.0,0.0,,,,"no_carry,cin_1"
adder_4bit,173,3.0,0.0,4.0,,4,1,,,,,,,,1.0,0.0,,,,"no_carry,cin_1"
adder_4bit,174,7.0,8.0,15.0,,15,1,,,,,,,,0.0,0.0,,,,"no_carry,cin_0"
adder_4bit,175,4.0,2.0,7.0,,7,1,,,,,,,,1.0,0.0,,,,"no_carry,cin_1"
adder_4bit,176,7.0,12.0,4.0,,20,1,,,,,,,,1.0,1.0,,,,"carry,cin_1"
adder_4bit,177,15.0,0.0,15.0,,15,1,,,,,,,,0.0,0.0,,,,"no_carry,cin_0"
adder_4bit,178,9.0,7.0,0.0,,16,1,,,,,,,,0.0,1.0,,,,"carry,cin_0"
adder_4bit,179,9.0,11.0,4.0,,20,1,,,,,,,,0.0,1.0,,,,"carry,cin_0"
adder_4bit,180,10.0,1.0,11.0,,11,1,,,,,,,,0.0,0.0,,,,"no_carry,cin_0"
adder_4bit,181,0.0,15.0,15.0,,15,1,,,,,,,,0.0,0.0,,,,"no_carry,cin_0"
adder_4bit,182,4.0,12.0,0.0,,16,1,,,,,,,,0.0,1.0,,,,"carry,cin_0"
adder_4bit,183,14.0,4.0,2.0,,18,1,,,,,,,,0.0,1.0,,,,"carry,cin_0"
adder_4bit,184,12.0,14.0,11.0,,27,1,,,,,,,,1.0,1.0,,,,"carry,cin_1"
adder_4bit,185,15.0,5.0,5.0,,21,1,,,,,,,,1.0,1.0,,,,"carry,cin_1"
adder_4bit,186,2.0,11.0,13.0,,13,1,,,,,,,,0.0,0.0,,,,"no_carry,cin_0"
adder_4bit,187,5.0,9.0,14.0,,14,1,,,,,,,,0.0,0.0,,,,"no_carry,cin_0"
adder_4bit,188,6.0,15.0,5.0,,21,1,,,,,,,,0.0,1.0,,,,"carry,cin_0"
adder_4bit,189,1.0,12.0,14.0,,14,1,,,,,,,,1.0,0.0,,,,"no_carry,cin_1"
adder_4bit,190,13.0,9.0,6.0,,22,1,,,,,,,,0.0,1.0,,,,"carry,cin_0"
adder_4bit,191,4.0,12.0,0.0,,16,1,,,,,,,,0.0,1.0,,,,"carry,cin_0"
adder_4bit,192,4.0,5.0,9.0,,9,1,,,,,,,,0.0,0.0,,,,"no_carry,cin_0"
adder_4bit,193,10.0,5.0,0.0,,16,1,,,,,,,,1.0,1.0,,,,"carry,cin_1"
adder_4bit,194,9.0,2.0,11.0,,11,1,,,,,,,,0.0,0.0,,,,"no_carry,cin_0"
adder_4bit,195,13.0,5.0,2.0,,18,1,,,,,,,,0.0,1.0,,,,"carry,cin_0"
adder_4bit,196,15.0,8.0,8.0,,24,1,,,,,,,,1.0,1.0,,,,"carry,cin_1"
adder_4bit,197,4.0,7.0,12.0,,12,1,,,,,,,,1.0,0.0,,,,"no_carry,cin_1"
adder_4bit,198,13.0,15.0,12.0,,28,1,,,,,,,,0.0,1.0,,,,"carry,cin_0"
adder_4bit,199,9.0,8.0,2.0,,18,1,,,,,,,,1.0,1.0,,,,"carry,cin_1"
comparator_2bit,0,1.0,1.0,,,10,1,,,,,,,,,,0.0,1.0,0.0,eq
comparator_2bit,1,2.0,1.0,,,100,1,,,,,,,,,,1.0,0.0,0.0,gt
comparator_2bit,2,1.0,0.0,,,100,1,,,,,,,,,,1.0,0.0,0.0,gt
comparator_2bit,3,0.0,3.0,,,1,1,,,,,,,,,,0.0,0.0,1.0,lt
comparator_2bit,4,1.0,1.0,,,10,1,,,,,,,,,,0.0,1.0,0.0,eq
comparator_2bit,5,0.0,0.0,,,10,1,,,,,,,,,,0.0,1.0,0.0,eq
comparator_2bit,6,3.0,1.0,,,100,1,,,,,,,,,,1.0,0.0,0.0,gt
comparator_2bit,7,0.0,1.0,,,1,1,,,,,,,,,,0.0,0.0,1.0,lt
comparator_2bit,8,1.0,0.0,,,100,1,,,,,,,,,,1.0,0.0,0.0,gt
comparator_2bit,9,3.0,2.0,,,100,1,,,,,,,,,,1.0,0.0,0.0,gt
comparator_2bit,10,0.0,1.0,,,1,1,,,,,,,,,,0.0,0.0,1.0,lt
comparator_2bit,11,1.0,1.0,,,10,1,,,,,,,,,,0.0,1.0,0.0,eq
comparator_2bit,12,2.0,3.0,,,1,1,,,,,,,,,,0.0,0.0,1.0,lt
comparator_2bit,13,3.0,0.0,,,100,1,,,,,,,,,,1.0,0.0,0.0,gt
comparator_2bit,14,0.0,0.0,,,10,1,,,,,,,,,,0.0,1.0,0.0,eq
comparator_2bit,15,3.0,3.0,,,10,1,,,,,,,,,,0.0,1.0,0.0,eq
comparator_2bit,16,0.0,0.0,,,10,1,,,,,,,,,,0.0,1.0,0.0,eq
comparator_2bit,17,3.0,3.0,,,10,1,,,,,,,,,,0.0,1.0,0.0,eq
comparator_2bit,18,1.0,0.0,,,100,1,,,,,,,,,,1.0,0.0,0.0,gt
comparator_2bit,19,2.0,2.0,,,10,1,,,,,,,,,,0.0,1.0,0.0,eq
comparator_2bit,20,0.0,1.0,,,1,1,,,,,,,,,,0.0,0.0,1.0,lt
comparator_2bit,21,3.0,0.0,,,100,1,,,,,,,,,,1.0,0.0,0.0,gt
comparator_2bit,22,1.0,1.0,,,10,1,,,,,,,,,,0.0,1.0,0.0,eq
comparator_2bit,23,0.0,3.0,,,1,1,,,,,,,,,,0.0,0.0,1.0,lt
comparator_2bit,24,0.0,2.0,,,1,1,,,,,,,,,,0.0,0.0,1.0,lt
comparator_2bit,25,0.0,2.0,,,1,1,,,,,,,,,,0.0,0.0,1.0,lt
comparator_2bit,26,0.0,0.0,,,10,1,,,,,,,,,,0.0,1.0,0.0,eq
comparator_2bit,27,0.0,3.0,,,1,1,,,,,,,,,,0.0,0.0,1.0,lt
comparator_2bit,28,1.0,1.0,,,10,1,,,,,,,,,,0.0,1.0,0.0,eq
comparator_2bit,29,0.0,1.0,,,1,1,,,,,,,,,,0.0,0.0,1.0,lt
comparator_2bit,30,2.0,3.0,,,1,1,,,,,,,,,,0.0,0.0,1.0,lt
comparator_2bit,31,2.0,2.0,,,10,1,,,,,,,,,,0.0,1.0,0.0,eq
comparator_2bit,32,1.0,1.0,,,10,1,,,,,,,,,,0.0,1.0,0.0,eq
comparator_2bit,33,0.0,1.0,,,1,1,,,,,,,,,,0.0,0.0,1.0,lt
comparator_2bit,34,0.0,3.0,,,1,1,,,,,,,,,,0.0,0.0,1.0,lt
comparator_2bit,35,0.0,3.0,,,1,1,,,,,,,,,,0.0,0.0,1.0,lt
comparator_2bit,36,0.0,0.0,,,10,1,,,,,,,,,,0.0,1.0,0.0,eq
comparator_2bit,37,2.0,1.0,,,100,1,,,,,,,,,,1.0,0.0,0.0,gt
comparator_2bit,38,3.0,2.0,,,100,1,,,,,,,,,,1.0,0.0,0.0,gt
comparator_2bit,39,1.0,1.0,,,10,1,,,,,,,,,,0.0,1.0,0.0,eq
comparator_2bit,40,3.0,2.0,,,100,1,,,,,,,,,,1.0,0.0,0.0,gt
comparator_2bit,41,2.0,3.0,,,1,1,,,,,,,,,,0.0,0.0,1.0,lt
comparator_2bit,42,3.0,2.0,,,100,1,,,,,,,,,,1.0,0.0,0.0,gt
comparator_2bit,43,0.0,0.0,,,10,1,,,,,,,,,,0.0,1.0,0.0,eq
comparator_2bit,44,2.0,0.0,,,100,1,,,,,,,,,,1.0,0.0,0.0,gt
comparator_2bit,45,1.0,1.0,,,10,1,,,,,,,,,,0.0,1.0,0.0,eq
comparator_2bit,46,1.0,1.0,,,10,1,,,,,,,,,,0.0,1.0,0.0,eq
comparator_2bit,47,0.0,0.0,,,10,1,,,,,,,,,,0.0,1.0,0.0,eq
comparator_2bit,48,0.0,3.0,,,1,1,,,,,,,,,,0.0,0.0,1.0,lt
comparator_2bit,49,0.0,3.0,,,1,1,,,,,,,,,,0.0,0.0,1.0,lt
comparator_2bit,50,0.0,1.0,,,1,1,,,,,,,,,,0.0,0.0,1.0,lt
comparator_2bit,51,3.0,2.0,,,100,1,,,,,,,,,,1.0,0.0,0.0,gt
comparator_2bit,52,2.0,2.0,,,10,1,,,,,,,,,,0.0,1.0,0.0,eq
comparator_2bit,53,3.0,3.0,,,10,1,,,,,,,,,,0.0,1.0,0.0,eq
comparator_2bit,54,0.0,1.0,,,1,1,,,,,,,,,,0.0,0.0,1.0,lt
comparator_2bit,55,3.0,2.0,,,100,1,,,,,,,,,,1.0,0.0,0.0,gt
comparator_2bit,56,3.0,1.0,,,100,1,,,,,,,,,,1.0,0.0,0.0,gt
comparator_2bit,57,0.0,0.0,,,10,1,,,,,,,,,,0.0,1.0,0.0,eq
comparator_2bit,58,2.0,3.0,,,1,1,,,,,,,,,,0.0,0.0,1.0,lt
comparator_2bit,59,3.0,3.0,,,10,1,,,,,,,,,,0.0,1.0,0.0,eq
comparator_2bit,60,3.0,3.0,,,10,1,,,,,,,,,,0.0,1.0,0.0,eq
comparator_2bit,61,0.0,0.0,,,10,1,,,,,,,,,,0.0,1.0,0.0,eq
comparator_2bit,62,1.0,2.0,,,1,1,,,,,,,,,,0.0,0.0,1.0,lt
comparator_2bit,63,0.0,2.0,,,1,1,,,,,,,,,,0.0,0.0,1.0,lt
comparator_2bit,64,2.0,0.0,,,100,1,,,,,,,,,,1.0,0.0,0.0,gt
comparator_2bit,65,2.0,3.0,,,1,1,,,,,,,,,,0.0,0.0,1.0,lt
comparator_2bit,66,1.0,3.0,,,1,1,,,,,,,,,,0.0,0.0,1.0,lt
comparator_2bit,67,3.0,1.0,,,100,1,,,,,,,,,,1.0,0.0,0.0,gt
comparator_2bit,68,2.0,0.0,,,100,1,,,,,,,,,,1.0,0.0,0.0,gt
comparator_2bit,69,0.0,1.0,,,1,1,,,,,,,,,,0.0,0.0,1.0,lt
comparator_2bit,70,0.0,2.0,,,1,1,,,,,,,,,,0.0,0.0,1.0,lt
comparator_2bit,71,3.0,0.0,,,100,1,,,,,,,,,,1.0,0.0,0.0,gt
comparator_2bit,72,2.0,3.0,,,1,1,,,,,,,,,,0.0,0.0,1.0,lt
comparator_2bit,73,0.0,0.0,,,10,1,,,,,,,,,,0.0,1.0,0.0,eq
comparator_2bit,74,1.0,2.0,,,1,1,,,,,,,,,,0.0,0.0,1.0,lt
comparator_2bit,75,1.0,0.0,,,100,1,,,,,,,,,,1.0,0.0,0.0,gt
comparator_2bit,76,0.0,2.0,,,1,1,,,,,,,,,,0.0,0.0,1.0,lt
comparator_2bit,77,2.0,1.0,,,100,1,,,,,,,,,,1.0,0.0,0.0,gt
comparator_2bit,78,2.0,2.0,,,10,1,,,,,,,,,,0.0,1.0,0.0,eq
comparator_2bit,79,3.0,3.0,,,10,1,,,,,,,,,,0.0,1.0,0.0,eq
comparator_2bit,80,3.0,1.0,,,100,1,,,,,,,,,,1.0,0.0,0.0,gt
comparator_2bit,81,2.0,3.0,,,1,1,,,,,,,,,,0.0,0.0,1.0,lt
comparator_2bit,82,0.0,1.0,,,1,1,,,,,,,,,,0.0,0.0,1.0,lt
comparator_2bit,83,2.0,0.0,,,100,1,,,,,,,,,,1.0,0.0,0.0,gt
comparator_2bit,84,1.0,2.0,,,1,1,,,,,,,,,,0.0,0.0,1.0,lt
comparator_2bit,85,1.0,3.0,,,1,1,,,,,,,,,,0.0,0.0,1.0,lt
comparator_2bit,86,2.0,3.0,,,1,1,,,,,,,,,,0.0,0.0,1.0,lt
comparator_2bit,87,3.0,2.0,,,100,1,,,,,,,,,,1.0,0.0,0.0,gt
comparator_2bit,88,2.0,1.0,,,100,1,,,,,,,,,,1.0,0.0,0.0,gt
comparator_2bit,89,3.0,3.0,,,10,1,,,,,,,,,,0.0,1.0,0.0,eq
comparator_2bit,90,2.0,2.0,,,10,1,,,,,,,,,,0.0,1.0,0.0,eq
comparator_2bit,91,3.0,1.0,,,100,1,,,,,,,,,,1.0,0.0,0.0,gt
comparator_2bit,92,2.0,3.0,,,1,1,,,,,,,,,,0.0,0.0,1.0,lt
comparator_2bit,93,0.0,3.0,,,1,1,,,,,,,,,,0.0,0.0,1.0,lt
comparator_2bit,94,0.0,3.0,,,1,1,,,,,,,,,,0.0,0.0,1.0,lt
comparator_2bit,95,1.0,3.0,,,1,1,,,,,,,,,,0.0,0.0,1.0,lt
comparator_2bit,96,0.0,1.0,,,1,1,,,,,,,,,,0.0,0.0,1.0,lt
comparator_2bit,97,3.0,3.0,,,10,1,,,,,,,,,,0.0,1.0,0.0,eq
comparator_2bit,98,0.0,1.0,,,1,1,,,,,,,,,,0.0,0.0,1.0,lt
comparator_2bit,99,3.0,1.0,,,100,1,,,,,,,,,,1.0,0.0,0.0,gt
