dut_name,test_num,A,B,S,X,expected,pass,I0,I1,I2,I3,S1,S0,Y,Cin,Cout,hits_zero,hits_max,A_greater_B,A_equal_B,A_less_B
mux_2to1,0,0.0,1.0,0.0,0.0,0,1,,,,,,,,,,,,,,
mux_2to1,1,1.0,1.0,0.0,1.0,1,1,,,,,,,,,,,,,,
mux_2to1,2,0.0,1.0,0.0,0.0,0,1,,,,,,,,,,,,,,
mux_2to1,3,1.0,0.0,0.0,1.0,1,1,,,,,,,,,,,,,,
mux_2to1,4,0.0,0.0,1.0,0.0,0,1,,,,,,,,,,,,,,
mux_2to1,5,1.0,0.0,1.0,0.0,0,1,,,,,,,,,,,,,,
mux_2to1,6,0.0,1.0,0.0,0.0,0,1,,,,,,,,,,,,,,
mux_2to1,7,0.0,0.0,0.0,0.0,0,1,,,,,,,,,,,,,,
mux_2to1,8,1.0,1.0,0.0,1.0,1,1,,,,,,,,,,,,,,
mux_2to1,9,1.0,0.0,0.0,1.0,1,1,,,,,,,,,,,,,,
mux_2to1,10,0.0,1.0,0.0,0.0,0,1,,,,,,,,,,,,,,
mux_2to1,11,1.0,0.0,0.0,1.0,1,1,,,,,,,,,,,,,,
mux_2to1,12,1.0,1.0,1.0,1.0,1,1,,,,,,,,,,,,,,
mux_2to1,13,0.0,0.0,0.0,0.0,0,1,,,,,,,,,,,,,,
mux_2to1,14,0.0,1.0,0.0,0.0,0,1,,,,,,,,,,,,,,
mux_2to1,15,1.0,0.0,1.0,0.0,0,1,,,,,,,,,,,,,,
mux_2to1,16,1.0,0.0,1.0,0.0,0,1,,,,,,,,,,,,,,
mux_2to1,17,1.0,1.0,1.0,1.0,1,1,,,,,,,,,,,,,,
mux_2to1,18,0.0,0.0,0.0,0.0,0,1,,,,,,,,,,,,,,
mux_2to1,19,0.0,0.0,0.0,0.0,0,1,,,,,,,,,,,,,,
mux_2to1,20,1.0,1.0,1.0,1.0,1,1,,,,,,,,,,,,,,
mux_2to1,21,1.0,0.0,0.0,1.0,1,1,,,,,,,,,,,,,,
mux_2to1,22,0.0,0.0,1.0,0.0,0,1,,,,,,,,,,,,,,
mux_2to1,23,1.0,1.0,1.0,1.0,1,1,,,,,,,,,,,,,,
mux_2to1,24,0.0,1.0,0.0,0.0,0,1,,,,,,,,,,,,,,
mux_2to1,25,0.0,1.0,0.0,0.0,0,1,,,,,,,,,,,,,,
mux_2to1,26,1.0,0.0,0.0,1.0,1,1,,,,,,,,,,,,,,
mux_2to1,27,0.0,0.0,1.0,0.0,0,1,,,,,,,,,,,,,,
mux_2to1,28,1.0,1.0,0.0,1.0,1,1,,,,,,,,,,,,,,
mux_2to1,29,0.0,0.0,1.0,0.0,0,1,,,,,,,,,,,,,,
mux_2to1,30,0.0,1.0,0.0,0.0,0,1,,,,,,,,,,,,,,
mux_2to1,31,0.0,1.0,1.0,1.0,1,1,,,,,,,,,,,,,,
mux_2to1,32,0.0,0.0,1.0,0.0,0,1,,,,,,,,,,,,,,
mux_2to1,33,0.0,0.0,0.0,0.0,0,1,,,,,,,,,,,,,,
mux_2to1,34,1.0,0.0,0.0,1.0,1,1,,,,,,,,,,,,,,
mux_2to1,35,0.0,0.0,0.0,0.0,0,1,,,,,,,,,,,,,,
mux_2to1,36,0.0,0.0,1.0,0.0,0,1,,,,,,,,,,,,,,
mux_2to1,37,1.0,0.0,1.0,0.0,0,1,,,,,,,,,,,,,,
mux_2to1,38,0.0,1.0,0.0,0.0,0,1,,,,,,,,,,,,,,
mux_2to1,39,0.0,0.0,1.0,0.0,0,1,,,,,,,,,,,,,,
mux_2to1,40,1.0,0.0,1.0,0.0,0,1,,,,,,,,,,,,,,
mux_2to1,41,1.0,1.0,0.0,1.0,1,1,,,,,,,,,,,,,,
mux_2to1,42,1.0,0.0,0.0,1.0,1,1,,,,,,,,,,,,,,
mux_2to1,43,1.0,0.0,1.0,0.0,0,1,,,,,,,,,,,,,,
mux_2to1,44,0.0,0.0,0.0,0.0,0,1,,,,,,,,,,,,,,
mux_2to1,45,1.0,0.0,0.0,1.0,1,1,,,,,,,,,,,,,,
mux_2to1,46,1.0,1.0,0.0,1.0,1,1,,,,,,,,,,,,,,
mux_2to1,47,0.0,1.0,1.0,1.0,1,1,,,,,,,,,,,,,,
mux_2to1,48,0.0,0.0,0.0,0.0,0,1,,,,,,,,,,,,,,
mux_2to1,49,0.0,1.0,0.0,0.0,0,1,,,,,,,,,,,,,,
mux_2to1,50,0.0,1.0,1.0,1.0,1,1,,,,,,,,,,,,,,
mux_2to1,51,1.0,1.0,0.0,1.0,1,1,,,,,,,,,,,,,,
mux_2to1,52,0.0,1.0,0.0,0.0,0,1,,,,,,,,,,,,,,
mux_2to1,53,1.0,1.0,1.0,1.0,1,1,,,,,,,,,,,,,,
mux_2to1,54,1.0,0.0,1.0,0.0,0,1,,,,,,,,,,,,,,
mux_2to1,55,0.0,1.0,1.0,1.0,1,1,,,,,,,,,,,,,,
mux_2to1,56,1.0,1.0,1.0,1.0,1,1,,,,,,,,,,,,,,
mux_2to1,57,0.0,0.0,0.0,0.0,0,1,,,,,,,,,,,,,,
mux_2to1,58,0.0,0.0,1.0,0.0,0,1,,,,,,,,,,,,,,
mux_2to1,59,0.0,0.0,0.0,0.0,0,1,,,,,,,,,,,,,,
mux_2to1,60,0.0,1.0,0.0,0.0,0,1,,,,,,,,,,,,,,
mux_2to1,61,1.0,0.0,1.0,0.0,0,1,,,,,,,,,,,,,,
mux_2to1,62,0.0,1.0,0.0,0.0,0,1,,,,,,,,,,,,,,
mux_2to1,63,0.0,0.0,0.0,0.0,0,1,,,,,,,,,,,,,,
mux_2to1,64,0.0,0.0,1.0,0.0,0,1,,,,,,,,,,,,,,
mux_2to1,65,1.0,0.0,0.0,1.0,1,1,,,,,,,,,,,,,,
mux_2to1,66,1.0,1.0,0.0,1.0,1,1,,,,,,,,,,,,,,
mux_2to1,67,0.0,0.0,1.0,0.0,0,1,,,,,,,,,,,,,,
mux_2to1,68,1.0,1.0,1.0,1.0,1,1,,,,,,,,,,,,,,
mux_2to1,69,0.0,1.0,0.0,0.0,0,1,,,,,,,,,,,,,,
mux_2to1,70,1.0,0.0,1.0,0.0,0,1,,,,,,,,,,,,,,
mux_2to1,71,1.0,1.0,1.0,1.0,1,1,,,,,,,,,,,,,,
mux_2to1,72,0.0,0.0,0.0,0.0,0,1,,,,,,,,,,,,,,
mux_2to1,73,1.0,1.0,1.0,1.0,1,1,,,,,,,,,,,,,,
mux_2to1,74,1.0,0.0,1.0,0.0,0,1,,,,,,,,,,,,,,
mux_2to1,75,1.0,0.0,1.0,0.0,0,1,,,,,,,,,,,,,,
mux_2to1,76,0.0,0.0,0.0,0.0,0,1,,,,,,,,,,,,,,
mux_2to1,77,0.0,1.0,0.0,0.0,0,1,,,,,,,,,,,,,,
mux_2to1,78,1.0,1.0,1.0,1.0,1,1,,,,,,,,,,,,,,
mux_2to1,79,1.0,1.0,1.0,1.0,1,1,,,,,,,,,,,,,,
mux_2to1,80,1.0,1.0,1.0,1.0,1,1,,,,,,,,,,,,,,
mux_2to1,81,1.0,0.0,0.0,1.0,1,1,,,,,,,,,,,,,,
mux_2to1,82,0.0,0.0,0.0,0.0,0,1,,,,,,,,,,,,,,
mux_2to1,83,1.0,1.0,0.0,1.0,1,1,,,,,,,,,,,,,,
mux_2to1,84,0.0,0.0,1.0,0.0,0,1,,,,,,,,,,,,,,
mux_2to1,85,0.0,1.0,0.0,0.0,0,1,,,,,,,,,,,,,,
mux_2to1,86,0.0,0.0,1.0,0.0,0,1,,,,,,,,,,,,,,
mux_2to1,87,0.0,1.0,1.0,1.0,1,1,,,,,,,,,,,,,,
mux_2to1,88,0.0,1.0,1.0,1.0,1,1,,,,,,,,,,,,,,
mux_2to1,89,1.0,1.0,1.0,1.0,1,1,,,,,,,,,,,,,,
mux_2to1,90,0.0,1.0,1.0,1.0,1,1,,,,,,,,,,,,,,
mux_2to1,91,0.0,0.0,0.0,0.0,0,1,,,,,,,,,,,,,,
mux_2to1,92,0.0,0.0,0.0,0.0,0,1,,,,,,,,,,,,,,
mux_2to1,93,1.0,0.0,0.0,1.0,1,1,,,,,,,,,,,,,,
mux_2to1,94,1.0,0.0,1.0,0.0,0,1,,,,,,,,,,,,,,
mux_2to1,95,1.0,0.0,0.0,1.0,1,1,,,,,,,,,,,,,,
mux_2to1,96,1.0,0.0,1.0,0.0,0,1,,,,,,,,,,,,,,
mux_2to1,97,1.0,0.0,0.0,1.0,1,1,,,,,,,,,,,,,,
mux_2to1,98,0.0,0.0,0.0,0.0,0,1,,,,,,,,,,,,,,
mux_2to1,99,1.0,1.0,0.0,1.0,1,1,,,,,,,,,,,,,,
mux_4to1,0,,,,,0,1,0.0,1.0,0.0,1.0,1.0,0.0,0.0,,,,,,,
mux_4to1,1,,,,,0,1,0.0,1.0,0.0,1.0,0.0,0.0,0.0,,,,,,,
mux_4to1,2,,,,,0,1,0.0,0.0,1.0,1.0,0.0,1.0,0.0,,,,,,,
mux_4to1,3,,,,,0,1,0.0,1.0,0.0,0.0,0.0,0.0,0.0,,,,,,,
mux_4to1,4,,,,,1,1,1.0,1.0,0.0,1.0,0.0,0.0,1.0,,,,,,,
mux_4to1,5,,,,,0,1,0.0,1.0,0.0,1.0,0.0,0.0,0.0,,,,,,,
mux_4to1,6,,,,,1,1,1.0,1.0,1.0,0.0,0.0,0.0,1.0,,,,,,,
mux_4to1,7,,,,,1,1,0.0,1.0,0.0,1.0,0.0,1.0,1.0,,,,,,,
mux_4to1,8,,,,,1,1,1.0,0.0,1.0,1.0,1.0,1.0,1.0,,,,,,,
mux_4to1,9,,,,,0,1,0.0,0.0,0.0,0.0,0.0,0.0,0.0,,,,,,,
mux_4to1,10,,,,,1,1,1.0,1.0,1.0,1.0,0.0,0.0,1.0,,,,,,,
mux_4to1,11,,,,,1,1,0.0,0.0,1.0,1.0,1.0,1.0,1.0,,,,,,,
mux_4to1,12,,,,,0,1,0.0,1.0,0.0,0.0,1.0,0.0,0.0,,,,,,,
mux_4to1,13,,,,,0,1,1.0,0.0,0.0,0.0,0.0,1.0,0.0,,,,,,,
mux_4to1,14,,,,,1,1,1.0,1.0,0.0,0.0,0.0,1.0,1.0,,,,,,,
mux_4to1,15,,,,,0,1,0.0,1.0,0.0,0.0,1.0,1.0,0.0,,,,,,,
mux_4to1,16,,,,,0,1,0.0,0.0,1.0,0.0,0.0,0.0,0.0,,,,,,,
mux_4to1,17,,,,,1,1,1.0,0.0,0.0,0.0,0.0,0.0,1.0,,,,,,,
mux_4to1,18,,,,,0,1,0.0,0.0,1.0,1.0,0.0,1.0,0.0,,,,,,,
mux_4to1,19,,,,,1,1,0.0,1.0,0.0,0.0,0.0,1.0,1.0,,,,,,,
mux_4to1,20,,,,,1,1,1.0,0.0,1.0,1.0,1.0,0.0,1.0,,,,,,,
mux_4to1,21,,,,,0,1,1.0,0.0,0.0,1.0,0.0,1.0,0.0,,,,,,,
mux_4to1,22,,,,,0,1,0.0,0.0,0.0,1.0,0.0,0.0,0.0,,,,,,,
mux_4to1,23,,,,,0,1,1.0,1.0,0.0,0.0,1.0,1.0,0.0,,,,,,,
mux_4to1,24,,,,,0,1,0.0,0.0,0.0,0.0,1.0,0.0,0.0,,,,,,,
mux_4to1,25,,,,,1,1,0.0,1.0,1.0,1.0,1.0,0.0,1.0,,,,,,,
mux_4to1,26,,,,,1,1,0.0,1.0,0.0,1.0,1.0,1.0,1.0,,,,,,,
mux_4to1,27,,,,,0,1,1.0,0.0,1.0,0.0,1.0,1.0,0.0,,,,,,,
mux_4to1,28,,,,,1,1,1.0,1.0,1.0,0.0,0.0,0.0,1.0,,,,,,,
mux_4to1,29,,,,,0,1,0.0,0.0,1.0,0.0,0.0,0.0,0.0,,,,,,,
mux_4to1,30,,,,,1,1,0.0,1.0,0.0,1.0,0.0,1.0,1.0,,,,,,,
mux_4to1,31,,,,,0,1,0.0,1.0,0.0,0.0,0.0,0.0,0.0,,,,,,,
mux_4to1,32,,,,,0,1,0.0,0.0,1.0,1.0,0.0,0.0,0.0,,,,,,,
mux_4to1,33,,,,,1,1,1.0,1.0,0.0,0.0,0.0,1.0,1.0,,,,,,,
mux_4to1,34,,,,,1,1,1.0,1.0,1.0,0.0,1.0,0.0,1.0,,,,,,,
mux_4to1,35,,,,,1,1,1.0,0.0,1.0,1.0,1.0,1.0,1.0,,,,,,,
mux_4to1,36,,,,,1,1,0.0,0.0,0.0,1.0,1.0,1.0,1.0,,,,,,,
mux_4to1,37,,,,,0,1,1.0,0.0,1.0,1.0,0.0,1.0,0.0,,,,,,,
mux_4to1,38,,,,,0,1,0.0,0.0,0.0,0.0,1.0,0.0,0.0,,,,,,,
mux_4to1,39,,,,,1,1,1.0,1.0,1.0,1.0,1.0,1.0,1.0,,,,,,,
mux_4to1,40,,,,,1,1,1.0,1.0,1.0,1.0,0.0,0.0,1.0,,,,,,,
mux_4to1,41,,,,,0,1,0.0,0.0,0.0,1.0,1.0,0.0,0.0,,,,,,,
mux_4to1,42,,,,,1,1,0.0,0.0,1.0,0.0,1.0,0.0,1.0,,,,,,,
mux_4to1,43,,,,,0,1,0.0,0.0,1.0,0.0,1.0,1.0,0.0,,,,,,,
mux_4to1,44,,,,,1,1,0.0,1.0,1.0,1.0,1.0,1.0,1.0,,,,,,,
mux_4to1,45,,,,,0,1,0.0,1.0,1.0,0.0,0.0,0.0,0.0,,,,,,,
mux_4to1,46,,,,,0,1,0.0,0.0,0.0,1.0,0.0,0.0,0.0,,,,,,,
mux_4to1,47,,,,,1,1,1.0,0.0,1.0,1.0,0.0,0.0,1.0,,,,,,,
mux_4to1,48,,,,,1,1,1.0,0.0,1.0,1.0,0.0,0.0,1.0,,,,,,,
mux_4to1,49,,,,,0,1,0.0,0.0,0.0,1.0,1.0,0.0,0.0,,,,,,,
mux_4to1,50,,,,,0,1,0.0,1.0,0.0,0.0,0.0,0.0,0.0,,,,,,,
mux_4to1,51,,,,,0,1,1.0,0.0,1.0,0.0,0.0,1.0,0.0,,,,,,,
mux_4to1,52,,,,,0,1,1.0,0.0,1.0,0.0,1.0,1.0,0.0,,,,,,,
mux_4to1,53,,,,,1,1,1.0,1.0,1.0,1.0,0.0,1.0,1.0,,,,,,,
mux_4to1,54,,,,,1,1,1.0,0.0,1.0,1.0,0.0,0.0,1.0,,,,,,,
mux_4to1,55,,,,,0,1,0.0,1.0,1.0,0.0,0.0,0.0,0.0,,,,,,,
mux_4to1,56,,,,,1,1,0.0,1.0,1.0,0.0,0.0,1.0,1.0,,,,,,,
mux_4to1,57,,,,,0,1,1.0,1.0,1.0,0.0,1.0,1.0,0.0,,,,,,,
mux_4to1,58,,,,,1,1,1.0,1.0,1.0,0.0,1.0,0.0,1.0,,,,,,,
mux_4to1,59,,,,,1,1,0.0,1.0,1.0,1.0,1.0,1.0,1.0,,,,,,,
mux_4to1,60,,,,,0,1,1.0,0.0,1.0,0.0,1.0,1.0,0.0,,,,,,,
mux_4to1,61,,,,,0,1,0.0,1.0,1.0,0.0,1.0,1.0,0.0,,,,,,,
mux_4to1,62,,,,,0,1,0.0,0.0,1.0,1.0,0.0,0.0,0.0,,,,,,,
mux_4to1,63,,,,,1,1,1.0,1.0,0.0,1.0,1.0,1.0,1.0,,,,,,,
mux_4to1,64,,,,,1,1,0.0,0.0,0.0,1.0,1.0,1.0,1.0,,,,,,,
mux_4to1,65,,,,,1,1,1.0,1.0,0.0,0.0,0.0,1.0,1.0,,,,,,,
mux_4to1,66,,,,,1,1,1.0,1.0,0.0,1.0,0.0,0.0,1.0,,,,,,,
mux_4to1,67,,,,,0,1,0.0,1.0,0.0,1.0,1.0,0.0,0.0,,,,,,,
mux_4to1,68,,,,,0,1,0.0,1.0,0.0,0.0,1.0,0.0,0.0,,,,,,,
mux_4to1,69,,,,,0,1,0.0,0.0,1.0,0.0,1.0,1.0,0.0,,,,,,,
mux_4to1,70,,,,,1,1,1.0,1.0,1.0,1.0,0.0,1.0,1.0,,,,,,,
mux_4to1,71,,,,,1,1,0.0,1.0,1.0,1.0,1.0,0.0,1.0,,,,,,,
mux_4to1,72,,,,,1,1,0.0,1.0,1.0,0.0,1.0,0.0,1.0,,,,,,,
mux_4to1,73,,,,,1,1,1.0,1.0,0.0,0.0,0.0,1.0,1.0,,,,,,,
mux_4to1,74,,,,,1,1,0.0,1.0,0.0,0.0,0.0,1.0,1.0,,,,,,,
mux_4to1,75,,,,,0,1,1.0,0.0,1.0,0.0,1.0,1.0,0.0,,,,,,,
mux_4to1,76,,,,,1,1,1.0,0.0,1.0,0.0,0.0,0.0,1.0,,,,,,,
mux_4to1,77,,,,,0,1,1.0,0.0,1.0,0.0,1.0,1.0,0.0,,,,,,,
mux_4to1,78,,,,,0,1,1.0,1.0,0.0,1.0,1.0,0.0,0.0,,,,,,,
mux_4to1,79,,,,,0,1,0.0,0.0,1.0,0.0,1.0,1.0,0.0,,,,,,,
mux_4to1,80,,,,,1,1,0.0,1.0,1.0,0.0,1.0,0.0,1.0,,,,,,,
mux_4to1,81,,,,,0,1,1.0,1.0,0.0,1.0,1.0,0.0,0.0,,,,,,,
mux_4to1,82,,,,,1,1,0.0,0.0,1.0,1.0,1.0,1.0,1.0,,,,,,,
mux_4to1,83,,,,,0,1,0.0,1.0,0.0,0.0,1.0,1.0,0.0,,,,,,,
mux_4to1,84,,,,,1,1,1.0,0.0,0.0,1.0,0.0,0.0,1.0,,,,,,,
mux_4to1,85,,,,,0,1,0.0,1.0,1.0,1.0,0.0,0.0,0.0,,,,,,,
mux_4to1,86,,,,,0,1,0.0,0.0,1.0,0.0,0.0,1.0,0.0,,,,,,,
mux_4to1,87,,,,,1,1,0.0,1.0,0.0,0.0,0.0,1.0,1.0,,,,,,,
mux_4to1,88,,,,,0,1,0.0,1.0,1.0,1.0,0.0,0.0,0.0,,,,,,,
mux_4to1,89,,,,,0,1,1.0,0.0,0.0,1.0,1.0,0.0,0.0,,,,,,,
mux_4to1,90,,,,,0,1,1.0,0.0,0.0,0.0,1.0,0.0,0.0,,,,,,,
mux_4to1,91,,,,,0,1,0.0,1.0,0.0,1.0,0.0,0.0,0.0,,,,,,,
mux_4to1,92,,,,,1,1,1.0,1.0,1.0,1.0,0.0,1.0,1.0,,,,,,,
mux_4to1,93,,,,,0,1,0.0,1.0,0.0,0.0,1.0,0.0,0.0,,,,,,,
mux_4to1,94,,,,,0,1,0.0,1.0,0.0,0.0,1.0,1.0,0.0,,,,,,,
mux_4to1,95,,,,,0,1,1.0,1.0,0.0,0.0,1.0,0.0,0.0,,,,,,,
mux_4to1,96,,,,,0,1,0.0,0.0,0.0,1.0,0.0,1.0,0.0,,,,,,,
mux_4to1,97,,,,,1,1,1.0,0.0,0.0,1.0,0.0,0.0,1.0,,,,,,,
mux_4to1,98,,,,,1,1,1.0,1.0,1.0,0.0,0.0,1.0,1.0,,,,,,,
mux_4to1,99,,,,,1,1,1.0,1.0,0.0,1.0,1.0,1.0,1.0,,,,,,,
full_adder,0,0.0,1.0,1.0,,1,1,,,,,,,,0.0,0.0,,,,,
full_adder,1,1.0,1.0,0.0,,10,1,,,,,,,,0.0,1.0,,,,,
full_adder,2,0.0,1.0,1.0,,1,1,,,,,,,,0.0,0.0,,,,,
full_adder,3,1.0,0.0,1.0,,1,1,,,,,,,,0.0,0.0,,,,,
full_adder,4,0.0,0.0,1.0,,1,1,,,,,,,,1.0,0.0,,,,,
full_adder,5,1.0,0.0,0.0,,10,1,,,,,,,,1.0,1.0,,,,,
full_adder,6,0.0,1.0,1.0,,1,1,,,,,,,,0.0,0.0,,,,,
full_adder,7,0.0,0.0,0.0,,0,1,,,,,,,,0.0,0.0,,,,,
full_adder,8,1.0,1.0,0.0,,10,1,,,,,,,,0.0,1.0,,,,,
full_adder,9,1.0,0.0,1.0,,1,1,,,,,,,,0.0,0.0,,,,,
full_adder,10,0.0,1.0,1.0,,1,1,,,,,,,,0.0,0.0,,,,,
full_adder,11,1.0,0.0,1.0,,1,1,,,,,,,,0.0,0.0,,,,,
full_adder,12,1.0,1.0,1.0,,11,1,,,,,,,,1.0,1.0,,,,,
full_adder,13,0.0,0.0,0.0,,0,1,,,,,,,,0.0,0.0,,,,,
full_adder,14,0.0,1.0,1.0,,1,1,,,,,,,,0.0,0.0,,,,,
full_adder,15,1.0,0.0,0.0,,10,1,,,,,,,,1.0,1.0,,,,,
full_adder,16,1.0,0.0,0.0,,10,1,,,,,,,,1.0,1.0,,,,,
full_adder,17,1.0,1.0,1.0,,11,1,,,,,,,,1.0,1.0,,,,,
full_adder,18,0.0,0.0,0.0,,0,1,,,,,,,,0.0,0.0,,,,,
full_adder,19,0.0,0.0,0.0,,0,1,,,,,,,,0.0,0.0,,,,,
full_adder,20,1.0,1.0,1.0,,11,1,,,,,,,,1.0,1.0,,,,,
full_adder,21,1.0,0.0,1.0,,1,1,,,,,,,,0.0,0.0,,,,,
full_adder,22,0.0,0.0,1.0,,1,1,,,,,,,,1.0,0.0,,,,,
full_adder,23,1.0,1.0,1.0,,11,1,,,,,,,,1.0,1.0,,,,,
full_adder,24,0.0,1.0,1.0,,1,1,,,,,,,,0.0,0.0,,,,,
full_adder,25,0.0,1.0,1.0,,1,1,,,,,,,,0.0,0.0,,,,,
full_adder,26,1.0,0.0,1.0,,1,1,,,,,,,,0.0,0.0,,,,,
full_adder,27,0.0,0.0,1.0,,1,1,,,,,,,,1.0,0.0,,,,,
full_adder,28,1.0,1.0,0.0,,10,1,,,,,,,,0.0,1.0,,,,,
full_adder,29,0.0,0.0,1.0,,1,1,,,,,,,,1.0,0.0,,,,,
full_adder,30,0.0,1.0,1.0,,1,1,,,,,,,,0.0,0.0,,,,,
full_adder,31,0.0,1.0,0.0,,10,1,,,,,,,,1.0,1.0,,,,,
full_adder,32,0.0,0.0,1.0,,1,1,,,,,,,,1.0,0.0,,,,,
full_adder,33,0.0,0.0,0.0,,0,1,,,,,,,,0.0,0.0,,,,,
full_adder,34,1.0,0.0,1.0,,1,1,,,,,,,,0.0,0.0,,,,,
full_adder,35,0.0,0.0,0.0,,0,1,,,,,,,,0.0,0.0,,,,,
full_adder,36,0.0,0.0,1.0,,1,1,,,,,,,,1.0,0.0,,,,,
full_adder,37,1.0,0.0,0.0,,10,1,,,,,,,,1.0,1.0,,,,,
full_adder,38,0.0,1.0,1.0,,1,1,,,,,,,,0.0,0.0,,,,,
full_adder,39,0.0,0.0,1.0,,1,1,,,,,,,,1.0,0.0,,,,,
full_adder,40,1.0,0.0,0.0,,10,1,,,,,,,,1.0,1.0,,,,,
full_adder,41,1.0,1.0,0.0,,10,1,,,,,,,,0.0,1.0,,,,,
full_adder,42,1.0,0.0,1.0,,1,1,,,,,,,,0.0,0.0,,,,,
full_adder,43,1.0,0.0,0.0,,10,1,,,,,,,,1.0,1.0,,,,,
full_adder,44,0.0,0.0,0.0,,0,1,,,,,,,,0.0,0.0,,,,,
full_adder,45,1.0,0.0,1.0,,1,1,,,,,,,,0.0,0.0,,,,,
full_adder,46,1.0,1.0,0.0,,10,1,,,,,,,,0.0,1.0,,,,,
full_adder,47,0.0,1.0,0.0,,10,1,,,,,,,,1.0,1.0,,,,,
full_adder,48,0.0,0.0,0.0,,0,1,,,,,,,,0.0,0.0,,,,,
full_adder,49,0.0,1.0,1.0,,1,1,,,,,,,,0.0,0.0,,,,,
full_adder,50,0.0,1.0,0.0,,10,1,,,,,,,,1.0,1.0,,,,,
full_adder,51,1.0,1.0,0.0,,10,1,,,,,,,,0.0,1.0,,,,,
full_adder,52,0.0,1.0,1.0,,1,1,,,,,,,,0.0,0.0,,,,,
full_adder,53,1.0,1.0,1.0,,11,1,,,,,,,,1.0,1.0,,,,,
full_adder,54,1.0,0.0,0.0,,10,1,,,,,,,,1.0,1.0,,,,,
full_adder,55,0.0,1.0,0.0,,10,1,,,,,,,,1.0,1.0,,,,,
full_adder,56,1.0,1.0,1.0,,11,1,,,,,,,,1.0,1.0,,,,,
full_adder,57,0.0,0.0,0.0,,0,1,,,,,,,,0.0,0.0,,,,,
full_adder,58,0.0,0.0,1.0,,1,1,,,,,,,,1.0,0.0,,,,,
full_adder,59,0.0,0.0,0.0,,0,1,,,,,,,,0.0,0.0,,,,,
full_adder,60,0.0,1.0,1.0,,1,1,,,,,,,,0.0,0.0,,,,,
full_adder,61,1.0,0.0,0.0,,10,1,,,,,,,,1.0,1.0,,,,,
full_adder,62,0.0,1.0,1.0,,1,1,,,,,,,,0.0,0.0,,,,,
full_adder,63,0.0,0.0,0.0,,0,1,,,,,,,,0.0,0.0,,,,,
full_adder,64,0.0,0.0,1.0,,1,1,,,,,,,,1.0,0.0,,,,,
full_adder,65,1.0,0.0,1.0,,1,1,,,,,,,,0.0,0.0,,,,,
full_adder,66,1.0,1.0,0.0,,10,1,,,,,,,,0.0,1.0,,,,,
full_adder,67,0.0,0.0,1.0,,1,1,,,,,,,,1.0,0.0,,,,,
full_adder,68,1.0,1.0,1.0,,11,1,,,,,,,,1.0,1.0,,,,,
full_adder,69,0.0,1.0,1.0,,1,1,,,,,,,,0.0,0.0,,,,,
full_adder,70,1.0,0.0,0.0,,10,1,,,,,,,,1.0,1.0,,,,,
full_adder,71,1.0,1.0,1.0,,11,1,,,,,,,,1.0,1.0,,,,,
full_adder,72,0.0,0.0,0.0,,0,1,,,,,,,,0.0,0.0,,,,,
full_adder,73,1.0,1.0,1.0,,11,1,,,,,,,,1.0,1.0,,,,,
full_adder,74,1.0,0.0,0.0,,10,1,,,,,,,,1.0,1.0,,,,,
full_adder,75,1.0,0.0,0.0,,10,1,,,,,,,,1.0,1.0,,,,,
full_adder,76,0.0,0.0,0.0,,0,1,,,,,,,,0.0,0.0,,,,,
full_adder,77,0.0,1.0,1.0,,1,1,,,,,,,,0.0,0.0,,,,,
full_adder,78,1.0,1.0,1.0,,11,1,,,,,,,,1.0,1.0,,,,,
full_adder,79,1.0,1.0,1.0,,11,1,,,,,,,,1.0,1.0,,,,,
full_adder,80,1.0,1.0,1.0,,11,1,,,,,,,,1.0,1.0,,,,,
full_adder,81,1.0,0.0,1.0,,1,1,,,,,,,,0.0,0.0,,,,,
full_adder,82,0.0,0.0,0.0,,0,1,,,,,,,,0.0,0.0,,,,,
full_adder,83,1.0,1.0,0.0,,10,1,,,,,,,,0.0,1.0,,,,,
full_adder,84,0.0,0.0,1.0,,1,1,,,,,,,,1.0,0.0,,,,,
full_adder,85,0.0,1.0,1.0,,1,1,,,,,,,,0.0,0.0,,,,,
full_adder,86,0.0,0.0,1.0,,1,1,,,,,,,,1.0,0.0,,,,,
full_adder,87,0.0,1.0,0.0,,10,1,,,,,,,,1.0,1.0,,,,,
full_adder,88,0.0,1.0,0.0,,10,1,,,,,,,,1.0,1.0,,,,,
full_adder,89,1.0,1.0,1.0,,11,1,,,,,,,,1.0,1.0,,,,,
full_adder,90,0.0,1.0,0.0,,10,1,,,,,,,,1.0,1.0,,,,,
full_adder,91,0.0,0.0,0.0,,0,1,,,,,,,,0.0,0.0,,,,,
full_adder,92,0.0,0.0,0.0,,0,1,,,,,,,,0.0,0.0,,,,,
full_adder,93,1.0,0.0,1.0,,1,1,,,,,,,,0.0,0.0,,,,,
full_adder,94,1.0,0.0,0.0,,10,1,,,,,,,,1.0,1.0,,,,,
full_adder,95,1.0,0.0,1.0,,1,1,,,,,,,,0.0,0.0,,,,,
full_adder,96,1.0,0.0,0.0,,10,1,,,,,,,,1.0,1.0,,,,,
full_adder,97,1.0,0.0,1.0,,1,1,,,,,,,,0.0,0.0,,,,,
full_adder,98,0.0,0.0,0.0,,0,1,,,,,,,,0.0,0.0,,,,,
full_adder,99,1.0,1.0,0.0,,10,1,,,,,,,,0.0,1.0,,,,,
4bit_adder_ML,0,0.0,0.0,0.0,,0,1,,,,,,,,0.0,0.0,1.0,0.0,,,
4bit_adder_ML,1,0.0,1.0,2.0,,2,1,,,,,,,,1.0,0.0,0.0,0.0,,,
4bit_adder_ML,2,0.0,0.0,1.0,,1,1,,,,,,,,1.0,0.0,0.0,0.0,,,
4bit_adder_ML,3,1.0,0.0,1.0,,1,1,,,,,,,,0.0,0.0,0.0,0.0,,,
4bit_adder_ML,4,0.0,2.0,2.0,,2,1,,,,,,,,0.0,0.0,0.0,0.0,,,
4bit_adder_ML,5,15.0,15.0,15.0,,31,1,,,,,,,,1.0,1.0,0.0,1.0,,,
4bit_adder_ML,6,15.0,15.0,14.0,,30,1,,,,,,,,0.0,1.0,0.0,0.0,,,
4bit_adder_ML,7,15.0,14.0,13.0,,29,1,,,,,,,,0.0,1.0,0.0,0.0,,,
4bit_adder_ML,8,14.0,15.0,14.0,,30,1,,,,,,,,1.0,1.0,0.0,0.0,,,
4bit_adder_ML,9,14.0,14.0,13.0,,29,1,,,,,,,,1.0,1.0,0.0,0.0,,,
4bit_adder_CRV,0,1.0,12.0,13.0,,13,1,,,,,,,,0.0,0.0,,,,,
4bit_adder_CRV,1,14.0,14.0,12.0,,28,1,,,,,,,,0.0,1.0,,,,,
4bit_adder_CRV,2,7.0,14.0,5.0,,21,1,,,,,,,,0.0,1.0,,,,,
4bit_adder_CRV,3,10.0,4.0,14.0,,14,1,,,,,,,,0.0,0.0,,,,,
4bit_adder_CRV,4,2.0,2.0,5.0,,5,1,,,,,,,,1.0,0.0,,,,,
4bit_adder_CRV,5,11.0,4.0,0.0,,16,1,,,,,,,,1.0,1.0,,,,,
4bit_adder_CRV,6,6.0,15.0,5.0,,21,1,,,,,,,,0.0,1.0,,,,,
4bit_adder_CRV,7,1.0,2.0,3.0,,3,1,,,,,,,,0.0,0.0,,,,,
4bit_adder_CRV,8,14.0,8.0,6.0,,22,1,,,,,,,,0.0,1.0,,,,,
4bit_adder_CRV,9,15.0,1.0,0.0,,16,1,,,,,,,,0.0,1.0,,,,,
4bit_adder_CRV,10,2.0,12.0,14.0,,14,1,,,,,,,,0.0,0.0,,,,,
4bit_adder_CRV,11,8.0,5.0,13.0,,13,1,,,,,,,,0.0,0.0,,,,,
4bit_adder_CRV,12,12.0,12.0,9.0,,25,1,,,,,,,,1.0,1.0,,,,,
4bit_adder_CRV,13,0.0,1.0,1.0,,1,1,,,,,,,,0.0,0.0,,,,,
4bit_adder_CRV,14,3.0,8.0,11.0,,11,1,,,,,,,,0.0,0.0,,,,,
4bit_adder_CRV,15,13.0,7.0,5.0,,21,1,,,,,,,,1.0,1.0,,,,,
4bit_adder_CRV,16,12.0,4.0,1.0,,17,1,,,,,,,,1.0,1.0,,,,,
4bit_adder_CRV,17,14.0,13.0,12.0,,28,1,,,,,,,,1.0,1.0,,,,,
4bit_adder_CRV,18,5.0,3.0,8.0,,8,1,,,,,,,,0.0,0.0,,,,,
4bit_adder_CRV,19,0.0,1.0,1.0,,1,1,,,,,,,,0.0,0.0,,,,,
4bit_adder_CRV,20,9.0,8.0,2.0,,18,1,,,,,,,,1.0,1.0,,,,,
4bit_adder_CRV,21,12.0,7.0,3.0,,19,1,,,,,,,,0.0,1.0,,,,,
4bit_adder_CRV,22,4.0,5.0,10.0,,10,1,,,,,,,,1.0,0.0,,,,,
4bit_adder_CRV,23,15.0,14.0,14.0,,30,1,,,,,,,,1.0,1.0,,,,,
4bit_adder_CRV,24,7.0,13.0,4.0,,20,1,,,,,,,,0.0,1.0,,,,,
4bit_adder_CRV,25,7.0,11.0,2.0,,18,1,,,,,,,,0.0,1.0,,,,,
4bit_adder_CRV,26,14.0,0.0,14.0,,14,1,,,,,,,,0.0,0.0,,,,,
4bit_adder_CRV,27,5.0,5.0,11.0,,11,1,,,,,,,,1.0,0.0,,,,,
4bit_adder_CRV,28,14.0,14.0,12.0,,28,1,,,,,,,,0.0,1.0,,,,,
4bit_adder_CRV,29,1.0,1.0,3.0,,3,1,,,,,,,,1.0,0.0,,,,,
4bit_adder_CRV,30,6.0,14.0,4.0,,20,1,,,,,,,,0.0,1.0,,,,,
4bit_adder_CRV,31,6.0,15.0,6.0,,22,1,,,,,,,,1.0,1.0,,,,,
4bit_adder_CRV,32,1.0,5.0,7.0,,7,1,,,,,,,,1.0,0.0,,,,,
4bit_adder_CRV,33,2.0,4.0,6.0,,6,1,,,,,,,,0.0,0.0,,,,,
4bit_adder_CRV,34,10.0,3.0,13.0,,13,1,,,,,,,,0.0,0.0,,,,,
4bit_adder_CRV,35,5.0,7.0,12.0,,12,1,,,,,,,,0.0,0.0,,,,,
4bit_adder_CRV,36,4.0,1.0,6.0,,6,1,,,,,,,,1.0,0.0,,,,,
4bit_adder_CRV,37,13.0,3.0,1.0,,17,1,,,,,,,,1.0,1.0,,,,,
4bit_adder_CRV,38,0.0,12.0,12.0,,12,1,,,,,,,,0.0,0.0,,,,,
4bit_adder_CRV,39,2.0,5.0,8.0,,8,1,,,,,,,,1.0,0.0,,,,,
4bit_adder_CRV,40,14.0,6.0,5.0,,21,1,,,,,,,,1.0,1.0,,,,,
4bit_adder_CRV,41,14.0,13.0,11.0,,27,1,,,,,,,,0.0,1.0,,,,,
4bit_adder_CRV,42,8.0,7.0,15.0,,15,1,,,,,,,,0.0,0.0,,,,,
4bit_adder_CRV,43,13.0,1.0,15.0,,15,1,,,,,,,,1.0,0.0,,,,,
4bit_adder_CRV,44,6.0,6.0,12.0,,12,1,,,,,,,,0.0,0.0,,,,,
4bit_adder_CRV,45,8.0,4.0,12.0,,12,1,,,,,,,,0.0,0.0,,,,,
4bit_adder_CRV,46,8.0,13.0,5.0,,21,1,,,,,,,,0.0,1.0,,,,,
4bit_adder_CRV,47,1.0,11.0,13.0,,13,1,,,,,,,,1.0,0.0,,,,,
4bit_adder_CRV,48,3.0,5.0,8.0,,8,1,,,,,,,,0.0,0.0,,,,,
4bit_adder_CRV,49,2.0,15.0,1.0,,17,1,,,,,,,,0.0,1.0,,,,,
4bit_adder_CRV,50,6.0,8.0,15.0,,15,1,,,,,,,,1.0,0.0,,,,,
4bit_adder_CRV,51,9.0,14.0,7.0,,23,1,,,,,,,,0.0,1.0,,,,,
4bit_adder_CRV,52,1.0,8.0,9.0,,9,1,,,,,,,,0.0,0.0,,,,,
4bit_adder_CRV,53,10.0,12.0,7.0,,23,1,,,,,,,,1.0,1.0,,,,,
4bit_adder_CRV,54,15.0,2.0,2.0,,18,1,,,,,,,,1.0,1.0,,,,,
4bit_adder_CRV,55,5.0,8.0,14.0,,14,1,,,,,,,,1.0,0.0,,,,,
4bit_adder_CRV,56,10.0,8.0,3.0,,19,1,,,,,,,,1.0,1.0,,,,,
4bit_adder_CRV,57,5.0,5.0,10.0,,10,1,,,,,,,,0.0,0.0,,,,,
4bit_adder_CRV,58,7.0,5.0,13.0,,13,1,,,,,,,,1.0,0.0,,,,,
4bit_adder_CRV,59,3.0,6.0,9.0,,9,1,,,,,,,,0.0,0.0,,,,,
4bit_adder_CRV,60,3.0,13.0,0.0,,16,1,,,,,,,,0.0,1.0,,,,,
4bit_adder_CRV,61,12.0,7.0,4.0,,20,1,,,,,,,,1.0,1.0,,,,,
4bit_adder_CRV,62,2.0,14.0,0.0,,16,1,,,,,,,,0.0,1.0,,,,,
4bit_adder_CRV,63,5.0,6.0,11.0,,11,1,,,,,,,,0.0,0.0,,,,,
4bit_adder_CRV,64,6.0,3.0,10.0,,10,1,,,,,,,,1.0,0.0,,,,,
4bit_adder_CRV,65,15.0,3.0,2.0,,18,1,,,,,,,,0.0,1.0,,,,,
4bit_adder_CRV,66,13.0,10.0,7.0,,23,1,,,,,,,,0.0,1.0,,,,,
4bit_adder_CRV,67,7.0,0.0,8.0,,8,1,,,,,,,,1.0,0.0,,,,,
4bit_adder_CRV,68,11.0,14.0,10.0,,26,1,,,,,,,,1.0,1.0,,,,,
4bit_adder_CRV,69,6.0,12.0,2.0,,18,1,,,,,,,,0.0,1.0,,,,,
4bit_adder_CRV,70,12.0,5.0,2.0,,18,1,,,,,,,,1.0,1.0,,,,,
4bit_adder_CRV,71,10.0,13.0,8.0,,24,1,,,,,,,,1.0,1.0,,,,,
4bit_adder_CRV,72,4.0,2.0,6.0,,6,1,,,,,,,,0.0,0.0,,,,,
4bit_adder_CRV,73,11.0,11.0,7.0,,23,1,,,,,,,,1.0,1.0,,,,,
4bit_adder_CRV,74,8.0,7.0,0.0,,16,1,,,,,,,,1.0,1.0,,,,,
4bit_adder_CRV,75,10.0,5.0,0.0,,16,1,,,,,,,,1.0,1.0,,,,,
4bit_adder_CRV,76,1.0,1.0,2.0,,2,1,,,,,,,,0.0,0.0,,,,,
4bit_adder_CRV,77,6.0,9.0,15.0,,15,1,,,,,,,,0.0,0.0,,,,,
4bit_adder_CRV,78,10.0,15.0,10.0,,26,1,,,,,,,,1.0,1.0,,,,,
4bit_adder_CRV,79,9.0,11.0,5.0,,21,1,,,,,,,,1.0,1.0,,,,,
4bit_adder_CRV,80,10.0,11.0,6.0,,22,1,,,,,,,,1.0,1.0,,,,,
4bit_adder_CRV,81,13.0,7.0,4.0,,20,1,,,,,,,,0.0,1.0,,,,,
4bit_adder_CRV,82,5.0,3.0,8.0,,8,1,,,,,,,,0.0,0.0,,,,,
4bit_adder_CRV,83,14.0,15.0,13.0,,29,1,,,,,,,,0.0,1.0,,,,,
4bit_adder_CRV,84,4.0,5.0,10.0,,10,1,,,,,,,,1.0,0.0,,,,,
4bit_adder_CRV,85,5.0,14.0,3.0,,19,1,,,,,,,,0.0,1.0,,,,,
4bit_adder_CRV,86,4.0,5.0,10.0,,10,1,,,,,,,,1.0,0.0,,,,,
4bit_adder_CRV,87,0.0,10.0,11.0,,11,1,,,,,,,,1.0,0.0,,,,,
4bit_adder_CRV,88,4.0,14.0,3.0,,19,1,,,,,,,,1.0,1.0,,,,,
4bit_adder_CRV,89,8.0,14.0,7.0,,23,1,,,,,,,,1.0,1.0,,,,,
4bit_adder_CRV,90,7.0,11.0,3.0,,19,1,,,,,,,,1.0,1.0,,,,,
4bit_adder_CRV,91,5.0,4.0,9.0,,9,1,,,,,,,,0.0,0.0,,,,,
4bit_adder_CRV,92,5.0,5.0,10.0,,10,1,,,,,,,,0.0,0.0,,,,,
4bit_adder_CRV,93,13.0,7.0,4.0,,20,1,,,,,,,,0.0,1.0,,,,,
4bit_adder_CRV,94,14.0,5.0,4.0,,20,1,,,,,,,,1.0,1.0,,,,,
4bit_adder_CRV,95,10.0,7.0,1.0,,17,1,,,,,,,,0.0,1.0,,,,,
4bit_adder_CRV,96,9.0,1.0,11.0,,11,1,,,,,,,,1.0,0.0,,,,,
4bit_adder_CRV,97,13.0,6.0,3.0,,19,1,,,,,,,,0.0,1.0,,,,,
4bit_adder_CRV,98,4.0,2.0,6.0,,6,1,,,,,,,,0.0,0.0,,,,,
4bit_adder_CRV,99,12.0,8.0,4.0,,20,1,,,,,,,,0.0,1.0,,,,,
4bit_adder_CRV,100,2.0,9.0,11.0,,11,1,,,,,,,,0.0,0.0,,,,,
4bit_adder_CRV,101,0.0,1.0,1.0,,1,1,,,,,,,,0.0,0.0,,,,,
4bit_adder_CRV,102,8.0,5.0,14.0,,14,1,,,,,,,,1.0,0.0,,,,,
4bit_adder_CRV,103,0.0,5.0,6.0,,6,1,,,,,,,,1.0,0.0,,,,,
4bit_adder_CRV,104,15.0,2.0,2.0,,18,1,,,,,,,,1.0,1.0,,,,,
4bit_adder_CRV,105,4.0,13.0,2.0,,18,1,,,,,,,,1.0,1.0,,,,,
4bit_adder_CRV,106,14.0,12.0,11.0,,27,1,,,,,,,,1.0,1.0,,,,,
4bit_adder_CRV,107,11.0,5.0,1.0,,17,1,,,,,,,,1.0,1.0,,,,,
4bit_adder_CRV,108,11.0,1.0,13.0,,13,1,,,,,,,,1.0,0.0,,,,,
4bit_adder_CRV,109,12.0,5.0,1.0,,17,1,,,,,,,,0.0,1.0,,,,,
4bit_adder_CRV,110,5.0,12.0,2.0,,18,1,,,,,,,,1.0,1.0,,,,,
4bit_adder_CRV,111,4.0,2.0,6.0,,6,1,,,,,,,,0.0,0.0,,,,,
4bit_adder_CRV,112,0.0,9.0,10.0,,10,1,,,,,,,,1.0,0.0,,,,,
4bit_adder_CRV,113,5.0,6.0,12.0,,12,1,,,,,,,,1.0,0.0,,,,,
4bit_adder_CRV,114,13.0,8.0,6.0,,22,1,,,,,,,,1.0,1.0,,,,,
4bit_adder_CRV,115,1.0,13.0,15.0,,15,1,,,,,,,,1.0,0.0,,,,,
4bit_adder_CRV,116,11.0,8.0,4.0,,20,1,,,,,,,,1.0,1.0,,,,,
4bit_adder_CRV,117,6.0,12.0,2.0,,18,1,,,,,,,,0.0,1.0,,,,,
4bit_adder_CRV,118,5.0,13.0,3.0,,19,1,,,,,,,,1.0,1.0,,,,,
4bit_adder_CRV,119,13.0,12.0,10.0,,26,1,,,,,,,,1.0,1.0,,,,,
4bit_adder_CRV,120,14.0,1.0,0.0,,16,1,,,,,,,,1.0,1.0,,,,,
4bit_adder_CRV,121,2.0,14.0,1.0,,17,1,,,,,,,,1.0,1.0,,,,,
4bit_adder_CRV,122,3.0,10.0,14.0,,14,1,,,,,,,,1.0,0.0,,,,,
4bit_adder_CRV,123,3.0,10.0,14.0,,14,1,,,,,,,,1.0,0.0,,,,,
4bit_adder_CRV,124,3.0,7.0,11.0,,11,1,,,,,,,,1.0,0.0,,,,,
4bit_adder_CRV,125,11.0,4.0,15.0,,15,1,,,,,,,,0.0,0.0,,,,,
4bit_adder_CRV,126,9.0,10.0,3.0,,19,1,,,,,,,,0.0,1.0,,,,,
4bit_adder_CRV,127,13.0,15.0,13.0,,29,1,,,,,,,,1.0,1.0,,,,,
4bit_adder_CRV,128,3.0,2.0,5.0,,5,1,,,,,,,,0.0,0.0,,,,,
4bit_adder_CRV,129,9.0,10.0,4.0,,20,1,,,,,,,,1.0,1.0,,,,,
4bit_adder_CRV,130,10.0,12.0,6.0,,22,1,,,,,,,,0.0,1.0,,,,,
4bit_adder_CRV,131,0.0,4.0,5.0,,5,1,,,,,,,,1.0,0.0,,,,,
4bit_adder_CRV,132,8.0,14.0,6.0,,22,1,,,,,,,,0.0,1.0,,,,,
4bit_adder_CRV,133,13.0,5.0,2.0,,18,1,,,,,,,,0.0,1.0,,,,,
4bit_adder_CRV,134,0.0,10.0,10.0,,10,1,,,,,,,,0.0,0.0,,,,,
4bit_adder_CRV,135,10.0,10.0,4.0,,20,1,,,,,,,,0.0,1.0,,,,,
4bit_adder_CRV,136,6.0,12.0,2.0,,18,1,,,,,,,,0.0,1.0,,,,,
4bit_adder_CRV,137,6.0,12.0,2.0,,18,1,,,,,,,,0.0,1.0,,,,,
4bit_adder_CRV,138,2.0,2.0,5.0,,5,1,,,,,,,,1.0,0.0,,,,,
4bit_adder_CRV,139,7.0,13.0,5.0,,21,1,,,,,,,,1.0,1.0,,,,,
4bit_adder_CRV,140,13.0,14.0,12.0,,28,1,,,,,,,,1.0,1.0,,,,,
4bit_adder_CRV,141,10.0,5.0,0.0,,16,1,,,,,,,,1.0,1.0,,,,,
4bit_adder_CRV,142,6.0,12.0,3.0,,19,1,,,,,,,,1.0,1.0,,,,,
4bit_adder_CRV,143,12.0,8.0,4.0,,20,1,,,,,,,,0.0,1.0,,,,,
4bit_adder_CRV,144,4.0,10.0,15.0,,15,1,,,,,,,,1.0,0.0,,,,,
4bit_adder_CRV,145,5.0,11.0,0.0,,16,1,,,,,,,,0.0,1.0,,,,,
4bit_adder_CRV,146,13.0,13.0,10.0,,26,1,,,,,,,,0.0,1.0,,,,,
4bit_adder_CRV,147,0.0,3.0,4.0,,4,1,,,,,,,,1.0,0.0,,,,,
4bit_adder_CRV,148,7.0,8.0,15.0,,15,1,,,,,,,,0.0,0.0,,,,,
4bit_adder_CRV,149,1.0,6.0,8.0,,8,1,,,,,,,,1.0,0.0,,,,,
4bit_adder_CRV,150,10.0,1.0,12.0,,12,1,,,,,,,,1.0,0.0,,,,,
4bit_adder_CRV,151,6.0,10.0,1.0,,17,1,,,,,,,,1.0,1.0,,,,,
4bit_adder_CRV,152,8.0,2.0,11.0,,11,1,,,,,,,,1.0,0.0,,,,,
4bit_adder_CRV,153,1.0,4.0,5.0,,5,1,,,,,,,,0.0,0.0,,,,,
4bit_adder_CRV,154,13.0,6.0,4.0,,20,1,,,,,,,,1.0,1.0,,,,,
4bit_adder_CRV,155,7.0,14.0,6.0,,22,1,,,,,,,,1.0,1.0,,,,,
4bit_adder_CRV,156,10.0,8.0,2.0,,18,1,,,,,,,,0.0,1.0,,,,,
4bit_adder_CRV,157,10.0,13.0,7.0,,23,1,,,,,,,,0.0,1.0,,,,,
4bit_adder_CRV,158,4.0,0.0,5.0,,5,1,,,,,,,,1.0,0.0,,,,,
4bit_adder_CRV,159,1.0,10.0,12.0,,12,1,,,,,,,,1.0,0.0,,,,,
4bit_adder_CRV,160,2.0,14.0,1.0,,17,1,,,,,,,,1.0,1.0,,,,,
4bit_adder_CRV,161,6.0,8.0,14.0,,14,1,,,,,,,,0.0,0.0,,,,,
4bit_adder_CRV,162,11.0,11.0,6.0,,22,1,,,,,,,,0.0,1.0,,,,,
4bit_adder_CRV,163,13.0,12.0,9.0,,25,1,,,,,,,,0.0,1.0,,,,,
4bit_adder_CRV,164,3.0,3.0,7.0,,7,1,,,,,,,,1.0,0.0,,,,,
4bit_adder_CRV,165,8.0,15.0,8.0,,24,1,,,,,,,,1.0,1.0,,,,,
4bit_adder_CRV,166,4.0,11.0,15.0,,15,1,,,,,,,,0.0,0.0,,,,,
4bit_adder_CRV,167,3.0,14.0,2.0,,18,1,,,,,,,,1.0,1.0,,,,,
4bit_adder_CRV,168,11.0,2.0,13.0,,13,1,,,,,,,,0.0,0.0,,,,,
4bit_adder_CRV,169,8.0,4.0,12.0,,12,1,,,,,,,,0.0,0.0,,,,,
4bit_adder_CRV,170,7.0,11.0,3.0,,19,1,,,,,,,,1.0,1.0,,,,,
4bit_adder_CRV,171,8.0,0.0,8.0,,8,1,,,,,,,,0.0,0.0,,,,,
4bit_adder_CRV,172,1.0,1.0,3.0,,3,1,,,,,,,,1.0,0.0,,,,,
4bit_adder_CRV,173,3.0,0.0,4.0,,4,1,,,,,,,,1.0,0.0,,,,,
4bit_adder_CRV,174,7.0,8.0,15.0,,15,1,,,,,,,,0.0,0.0,,,,,
4bit_adder_CRV,175,4.0,2.0,7.0,,7,1,,,,,,,,1.0,0.0,,,,,
4bit_adder_CRV,176,7.0,12.0,4.0,,20,1,,,,,,,,1.0,1.0,,,,,
4bit_adder_CRV,177,15.0,0.0,15.0,,15,1,,,,,,,,0.0,0.0,,,,,
4bit_adder_CRV,178,9.0,7.0,0.0,,16,1,,,,,,,,0.0,1.0,,,,,
4bit_adder_CRV,179,9.0,11.0,4.0,,20,1,,,,,,,,0.0,1.0,,,,,
4bit_adder_CRV,180,10.0,1.0,11.0,,11,1,,,,,,,,0.0,0.0,,,,,
4bit_adder_CRV,181,0.0,15.0,15.0,,15,1,,,,,,,,0.0,0.0,,,,,
4bit_adder_CRV,182,4.0,12.0,0.0,,16,1,,,,,,,,0.0,1.0,,,,,
4bit_adder_CRV,183,14.0,4.0,2.0,,18,1,,,,,,,,0.0,1.0,,,,,
4bit_adder_CRV,184,12.0,14.0,11.0,,27,1,,,,,,,,1.0,1.0,,,,,
4bit_adder_CRV,185,15.0,5.0,5.0,,21,1,,,,,,,,1.0,1.0,,,,,
4bit_adder_CRV,186,2.0,11.0,13.0,,13,1,,,,,,,,0.0,0.0,,,,,
4bit_adder_CRV,187,5.0,9.0,14.0,,14,1,,,,,,,,0.0,0.0,,,,,
4bit_adder_CRV,188,6.0,15.0,5.0,,21,1,,,,,,,,0.0,1.0,,,,,
4bit_adder_CRV,189,1.0,12.0,14.0,,14,1,,,,,,,,1.0,0.0,,,,,
4bit_adder_CRV,190,13.0,9.0,6.0,,22,1,,,,,,,,0.0,1.0,,,,,
4bit_adder_CRV,191,4.0,12.0,0.0,,16,1,,,,,,,,0.0,1.0,,,,,
4bit_adder_CRV,192,4.0,5.0,9.0,,9,1,,,,,,,,0.0,0.0,,,,,
4bit_adder_CRV,193,10.0,5.0,0.0,,16,1,,,,,,,,1.0,1.0,,,,,
4bit_adder_CRV,194,9.0,2.0,11.0,,11,1,,,,,,,,0.0,0.0,,,,,
4bit_adder_CRV,195,13.0,5.0,2.0,,18,1,,,,,,,,0.0,1.0,,,,,
4bit_adder_CRV,196,15.0,8.0,8.0,,24,1,,,,,,,,1.0,1.0,,,,,
4bit_adder_CRV,197,4.0,7.0,12.0,,12,1,,,,,,,,1.0,0.0,,,,,
4bit_adder_CRV,198,13.0,15.0,12.0,,28,1,,,,,,,,0.0,1.0,,,,,
4bit_adder_CRV,199,9.0,8.0,2.0,,18,1,,,,,,,,1.0,1.0,,,,,
2bit_comparator,0,1.0,1.0,,,10,1,,,,,,,,,,,,0.0,1.0,0.0
2bit_comparator,1,2.0,1.0,,,100,1,,,,,,,,,,,,1.0,0.0,0.0
2bit_comparator,2,1.0,0.0,,,100,1,,,,,,,,,,,,1.0,0.0,0.0
2bit_comparator,3,0.0,3.0,,,1,1,,,,,,,,,,,,0.0,0.0,1.0
2bit_comparator,4,1.0,1.0,,,10,1,,,,,,,,,,,,0.0,1.0,0.0
2bit_comparator,5,0.0,0.0,,,10,1,,,,,,,,,,,,0.0,1.0,0.0
2bit_comparator,6,3.0,1.0,,,100,1,,,,,,,,,,,,1.0,0.0,0.0
2bit_comparator,7,0.0,1.0,,,1,1,,,,,,,,,,,,0.0,0.0,1.0
2bit_comparator,8,1.0,0.0,,,100,1,,,,,,,,,,,,1.0,0.0,0.0
2bit_comparator,9,3.0,2.0,,,100,1,,,,,,,,,,,,1.0,0.0,0.0
2bit_comparator,10,0.0,1.0,,,1,1,,,,,,,,,,,,0.0,0.0,1.0
2bit_comparator,11,1.0,1.0,,,10,1,,,,,,,,,,,,0.0,1.0,0.0
2bit_comparator,12,2.0,3.0,,,1,1,,,,,,,,,,,,0.0,0.0,1.0
2bit_comparator,13,3.0,0.0,,,100,1,,,,,,,,,,,,1.0,0.0,0.0
2bit_comparator,14,0.0,0.0,,,10,1,,,,,,,,,,,,0.0,1.0,0.0
2bit_comparator,15,3.0,3.0,,,10,1,,,,,,,,,,,,0.0,1.0,0.0
2bit_comparator,16,0.0,0.0,,,10,1,,,,,,,,,,,,0.0,1.0,0.0
2bit_comparator,17,3.0,3.0,,,10,1,,,,,,,,,,,,0.0,1.0,0.0
2bit_comparator,18,1.0,0.0,,,100,1,,,,,,,,,,,,1.0,0.0,0.0
2bit_comparator,19,2.0,2.0,,,10,1,,,,,,,,,,,,0.0,1.0,0.0
2bit_comparator,20,0.0,1.0,,,1,1,,,,,,,,,,,,0.0,0.0,1.0
2bit_comparator,21,3.0,0.0,,,100,1,,,,,,,,,,,,1.0,0.0,0.0
2bit_comparator,22,1.0,1.0,,,10,1,,,,,,,,,,,,0.0,1.0,0.0
2bit_comparator,23,0.0,3.0,,,1,1,,,,,,,,,,,,0.0,0.0,1.0
2bit_comparator,24,0.0,2.0,,,1,1,,,,,,,,,,,,0.0,0.0,1.0
2bit_comparator,25,0.0,2.0,,,1,1,,,,,,,,,,,,0.0,0.0,1.0
2bit_comparator,26,0.0,0.0,,,10,1,,,,,,,,,,,,0.0,1.0,0.0
2bit_comparator,27,0.0,3.0,,,1,1,,,,,,,,,,,,0.0,0.0,1.0
2bit_comparator,28,1.0,1.0,,,10,1,,,,,,,,,,,,0.0,1.0,0.0
2bit_comparator,29,0.0,1.0,,,1,1,,,,,,,,,,,,0.0,0.0,1.0
2bit_comparator,30,2.0,3.0,,,1,1,,,,,,,,,,,,0.0,0.0,1.0
2bit_comparator,31,2.0,2.0,,,10,1,,,,,,,,,,,,0.0,1.0,0.0
2bit_comparator,32,1.0,1.0,,,10,1,,,,,,,,,,,,0.0,1.0,0.0
2bit_comparator,33,0.0,1.0,,,1,1,,,,,,,,,,,,0.0,0.0,1.0
2bit_comparator,34,0.0,3.0,,,1,1,,,,,,,,,,,,0.0,0.0,1.0
2bit_comparator,35,0.0,3.0,,,1,1,,,,,,,,,,,,0.0,0.0,1.0
2bit_comparator,36,0.0,0.0,,,10,1,,,,,,,,,,,,0.0,1.0,0.0
2bit_comparator,37,2.0,1.0,,,100,1,,,,,,,,,,,,1.0,0.0,0.0
2bit_comparator,38,3.0,2.0,,,100,1,,,,,,,,,,,,1.0,0.0,0.0
2bit_comparator,39,1.0,1.0,,,10,1,,,,,,,,,,,,0.0,1.0,0.0
2bit_comparator,40,3.0,2.0,,,100,1,,,,,,,,,,,,1.0,0.0,0.0
2bit_comparator,41,2.0,3.0,,,1,1,,,,,,,,,,,,0.0,0.0,1.0
2bit_comparator,42,3.0,2.0,,,100,1,,,,,,,,,,,,1.0,0.0,0.0
2bit_comparator,43,0.0,0.0,,,10,1,,,,,,,,,,,,0.0,1.0,0.0
2bit_comparator,44,2.0,0.0,,,100,1,,,,,,,,,,,,1.0,0.0,0.0
2bit_comparator,45,1.0,1.0,,,10,1,,,,,,,,,,,,0.0,1.0,0.0
2bit_comparator,46,1.0,1.0,,,10,1,,,,,,,,,,,,0.0,1.0,0.0
2bit_comparator,47,0.0,0.0,,,10,1,,,,,,,,,,,,0.0,1.0,0.0
2bit_comparator,48,0.0,3.0,,,1,1,,,,,,,,,,,,0.0,0.0,1.0
2bit_comparator,49,0.0,3.0,,,1,1,,,,,,,,,,,,0.0,0.0,1.0
2bit_comparator,50,0.0,1.0,,,1,1,,,,,,,,,,,,0.0,0.0,1.0
2bit_comparator,51,3.0,2.0,,,100,1,,,,,,,,,,,,1.0,0.0,0.0
2bit_comparator,52,2.0,2.0,,,10,1,,,,,,,,,,,,0.0,1.0,0.0
2bit_comparator,53,3.0,3.0,,,10,1,,,,,,,,,,,,0.0,1.0,0.0
2bit_comparator,54,0.0,1.0,,,1,1,,,,,,,,,,,,0.0,0.0,1.0
2bit_comparator,55,3.0,2.0,,,100,1,,,,,,,,,,,,1.0,0.0,0.0
2bit_comparator,56,3.0,1.0,,,100,1,,,,,,,,,,,,1.0,0.0,0.0
2bit_comparator,57,0.0,0.0,,,10,1,,,,,,,,,,,,0.0,1.0,0.0
2bit_comparator,58,2.0,3.0,,,1,1,,,,,,,,,,,,0.0,0.0,1.0
2bit_comparator,59,3.0,3.0,,,10,1,,,,,,,,,,,,0.0,1.0,0.0
2bit_comparator,60,3.0,3.0,,,10,1,,,,,,,,,,,,0.0,1.0,0.0
2bit_comparator,61,0.0,0.0,,,10,1,,,,,,,,,,,,0.0,1.0,0.0
2bit_comparator,62,1.0,2.0,,,1,1,,,,,,,,,,,,0.0,0.0,1.0
2bit_comparator,63,0.0,2.0,,,1,1,,,,,,,,,,,,0.0,0.0,1.0
2bit_comparator,64,2.0,0.0,,,100,1,,,,,,,,,,,,1.0,0.0,0.0
2bit_comparator,65,2.0,3.0,,,1,1,,,,,,,,,,,,0.0,0.0,1.0
2bit_comparator,66,1.0,3.0,,,1,1,,,,,,,,,,,,0.0,0.0,1.0
2bit_comparator,67,3.0,1.0,,,100,1,,,,,,,,,,,,1.0,0.0,0.0
2bit_comparator,68,2.0,0.0,,,100,1,,,,,,,,,,,,1.0,0.0,0.0
2bit_comparator,69,0.0,1.0,,,1,1,,,,,,,,,,,,0.0,0.0,1.0
2bit_comparator,70,0.0,2.0,,,1,1,,,,,,,,,,,,0.0,0.0,1.0
2bit_comparator,71,3.0,0.0,,,100,1,,,,,,,,,,,,1.0,0.0,0.0
2bit_comparator,72,2.0,3.0,,,1,1,,,,,,,,,,,,0.0,0.0,1.0
2bit_comparator,73,0.0,0.0,,,10,1,,,,,,,,,,,,0.0,1.0,0.0
2bit_comparator,74,1.0,2.0,,,1,1,,,,,,,,,,,,0.0,0.0,1.0
2bit_comparator,75,1.0,0.0,,,100,1,,,,,,,,,,,,1.0,0.0,0.0
2bit_comparator,76,0.0,2.0,,,1,1,,,,,,,,,,,,0.0,0.0,1.0
2bit_comparator,77,2.0,1.0,,,100,1,,,,,,,,,,,,1.0,0.0,0.0
2bit_comparator,78,2.0,2.0,,,10,1,,,,,,,,,,,,0.0,1.0,0.0
2bit_comparator,79,3.0,3.0,,,10,1,,,,,,,,,,,,0.0,1.0,0.0
2bit_comparator,80,3.0,1.0,,,100,1,,,,,,,,,,,,1.0,0.0,0.0
2bit_comparator,81,2.0,3.0,,,1,1,,,,,,,,,,,,0.0,0.0,1.0
2bit_comparator,82,0.0,1.0,,,1,1,,,,,,,,,,,,0.0,0.0,1.0
2bit_comparator,83,2.0,0.0,,,100,1,,,,,,,,,,,,1.0,0.0,0.0
2bit_comparator,84,1.0,2.0,,,1,1,,,,,,,,,,,,0.0,0.0,1.0
2bit_comparator,85,1.0,3.0,,,1,1,,,,,,,,,,,,0.0,0.0,1.0
2bit_comparator,86,2.0,3.0,,,1,1,,,,,,,,,,,,0.0,0.0,1.0
2bit_comparator,87,3.0,2.0,,,100,1,,,,,,,,,,,,1.0,0.0,0.0
2bit_comparator,88,2.0,1.0,,,100,1,,,,,,,,,,,,1.0,0.0,0.0
2bit_comparator,89,3.0,3.0,,,10,1,,,,,,,,,,,,0.0,1.0,0.0
2bit_comparator,90,2.0,2.0,,,10,1,,,,,,,,,,,,0.0,1.0,0.0
2bit_comparator,91,3.0,1.0,,,100,1,,,,,,,,,,,,1.0,0.0,0.0
2bit_comparator,92,2.0,3.0,,,1,1,,,,,,,,,,,,0.0,0.0,1.0
2bit_comparator,93,0.0,3.0,,,1,1,,,,,,,,,,,,0.0,0.0,1.0
2bit_comparator,94,0.0,3.0,,,1,1,,,,,,,,,,,,0.0,0.0,1.0
2bit_comparator,95,1.0,3.0,,,1,1,,,,,,,,,,,,0.0,0.0,1.0
2bit_comparator,96,0.0,1.0,,,1,1,,,,,,,,,,,,0.0,0.0,1.0
2bit_comparator,97,3.0,3.0,,,10,1,,,,,,,,,,,,0.0,1.0,0.0
2bit_comparator,98,0.0,1.0,,,1,1,,,,,,,,,,,,0.0,0.0,1.0
2bit_comparator,99,3.0,1.0,,,100,1,,,,,,,,,,,,1.0,0.0,0.0
