test_num,I0,I1,I2,I3,S1,S0,Y,expected,pass
0,0,1,0,1,1,0,0,0,1
1,0,1,0,1,0,0,0,0,1
2,0,0,1,1,0,1,0,0,1
3,0,1,0,0,0,0,0,0,1
4,1,1,0,1,0,0,1,1,1
5,0,1,0,1,0,0,0,0,1
6,1,1,1,0,0,0,1,1,1
7,0,1,0,1,0,1,1,1,1
8,1,0,1,1,1,1,1,1,1
9,0,0,0,0,0,0,0,0,1
10,1,1,1,1,0,0,1,1,1
11,0,0,1,1,1,1,1,1,1
12,0,1,0,0,1,0,0,0,1
13,1,0,0,0,0,1,0,0,1
14,1,1,0,0,0,1,1,1,1
15,0,1,0,0,1,1,0,0,1
16,0,0,1,0,0,0,0,0,1
17,1,0,0,0,0,0,1,1,1
18,0,0,1,1,0,1,0,0,1
19,0,1,0,0,0,1,1,1,1
20,1,0,1,1,1,0,1,1,1
21,1,0,0,1,0,1,0,0,1
22,0,0,0,1,0,0,0,0,1
23,1,1,0,0,1,1,0,0,1
24,0,0,0,0,1,0,0,0,1
25,0,1,1,1,1,0,1,1,1
26,0,1,0,1,1,1,1,1,1
27,1,0,1,0,1,1,0,0,1
28,1,1,1,0,0,0,1,1,1
29,0,0,1,0,0,0,0,0,1
30,0,1,0,1,0,1,1,1,1
31,0,1,0,0,0,0,0,0,1
32,0,0,1,1,0,0,0,0,1
33,1,1,0,0,0,1,1,1,1
34,1,1,1,0,1,0,1,1,1
35,1,0,1,1,1,1,1,1,1
36,0,0,0,1,1,1,1,1,1
37,1,0,1,1,0,1,0,0,1
38,0,0,0,0,1,0,0,0,1
39,1,1,1,1,1,1,1,1,1
40,1,1,1,1,0,0,1,1,1
41,0,0,0,1,1,0,0,0,1
42,0,0,1,0,1,0,1,1,1
43,0,0,1,0,1,1,0,0,1
44,0,1,1,1,1,1,1,1,1
45,0,1,1,0,0,0,0,0,1
46,0,0,0,1,0,0,0,0,1
47,1,0,1,1,0,0,1,1,1
48,1,0,1,1,0,0,1,1,1
49,0,0,0,1,1,0,0,0,1
50,0,1,0,0,0,0,0,0,1
51,1,0,1,0,0,1,0,0,1
52,1,0,1,0,1,1,0,0,1
53,1,1,1,1,0,1,1,1,1
54,1,0,1,1,0,0,1,1,1
55,0,1,1,0,0,0,0,0,1
56,0,1,1,0,0,1,1,1,1
57,1,1,1,0,1,1,0,0,1
58,1,1,1,0,1,0,1,1,1
59,0,1,1,1,1,1,1,1,1
60,1,0,1,0,1,1,0,0,1
61,0,1,1,0,1,1,0,0,1
62,0,0,1,1,0,0,0,0,1
63,1,1,0,1,1,1,1,1,1
64,0,0,0,1,1,1,1,1,1
65,1,1,0,0,0,1,1,1,1
66,1,1,0,1,0,0,1,1,1
67,0,1,0,1,1,0,0,0,1
68,0,1,0,0,1,0,0,0,1
69,0,0,1,0,1,1,0,0,1
70,1,1,1,1,0,1,1,1,1
71,0,1,1,1,1,0,1,1,1
72,0,1,1,0,1,0,1,1,1
73,1,1,0,0,0,1,1,1,1
74,0,1,0,0,0,1,1,1,1
75,1,0,1,0,1,1,0,0,1
76,1,0,1,0,0,0,1,1,1
77,1,0,1,0,1,1,0,0,1
78,1,1,0,1,1,0,0,0,1
79,0,0,1,0,1,1,0,0,1
80,0,1,1,0,1,0,1,1,1
81,1,1,0,1,1,0,0,0,1
82,0,0,1,1,1,1,1,1,1
83,0,1,0,0,1,1,0,0,1
84,1,0,0,1,0,0,1,1,1
85,0,1,1,1,0,0,0,0,1
86,0,0,1,0,0,1,0,0,1
87,0,1,0,0,0,1,1,1,1
88,0,1,1,1,0,0,0,0,1
89,1,0,0,1,1,0,0,0,1
90,1,0,0,0,1,0,0,0,1
91,0,1,0,1,0,0,0,0,1
92,1,1,1,1,0,1,1,1,1
93,0,1,0,0,1,0,0,0,1
94,0,1,0,0,1,1,0,0,1
95,1,1,0,0,1,0,0,0,1
96,0,0,0,1,0,1,0,0,1
97,1,0,0,1,0,0,1,1,1
98,1,1,1,0,0,1,1,1,1
99,1,1,0,1,1,1,1,1,1
